rosbagTimestamp,header,seq,stamp,secs,nsecs,frame_id,status,status,service,latitude,longitude,altitude,position_covariance,position_covariance_type
1479513000001296179,,91877,,1479513000,878095,"""/imu""",,0,0,37.39723587036133,-122.10223388671875,-8.009798049926758,"[0.0, 0.0, 0.0, 0.0, 0.0, 0.0, 0.0, 0.0, 0.0]",0
1479513000001928466,,91878,,1479513000,1508951,"""/imu""",,0,0,37.39723587036133,-122.10223388671875,-8.009519577026367,"[0.0, 0.0, 0.0, 0.0, 0.0, 0.0, 0.0, 0.0, 0.0]",0
1479513000006303936,,91879,,1479513000,5964994,"""/imu""",,0,0,37.39723587036133,-122.10223388671875,-8.009241104125977,"[0.0, 0.0, 0.0, 0.0, 0.0, 0.0, 0.0, 0.0, 0.0]",0
1479513000006794301,,91880,,1479513000,6496906,"""/imu""",,0,0,37.39723587036133,-122.10223388671875,-8.008965492248535,"[0.0, 0.0, 0.0, 0.0, 0.0, 0.0, 0.0, 0.0, 0.0]",0
1479513000011689144,,91881,,1479513000,10932922,"""/imu""",,0,0,37.39723587036133,-122.10223388671875,-8.008694648742676,"[0.0, 0.0, 0.0, 0.0, 0.0, 0.0, 0.0, 0.0, 0.0]",0
1479513000012347353,,91882,,1479513000,11801004,"""/imu""",,0,0,37.39723587036133,-122.10223388671875,-8.0084228515625,"[0.0, 0.0, 0.0, 0.0, 0.0, 0.0, 0.0, 0.0, 0.0]",0
1479513000016348542,,91883,,1479513000,15916109,"""/imu""",,0,0,37.39723587036133,-122.10223388671875,-8.00815486907959,"[0.0, 0.0, 0.0, 0.0, 0.0, 0.0, 0.0, 0.0, 0.0]",0
1479513000019011877,,91884,,1479513000,16638994,"""/imu""",,0,0,37.39723587036133,-122.10223388671875,-8.007892608642578,"[0.0, 0.0, 0.0, 0.0, 0.0, 0.0, 0.0, 0.0, 0.0]",0
1479513000021267681,,91885,,1479513000,20929098,"""/imu""",,0,0,37.397239685058594,-122.10223388671875,-8.007248878479004,"[0.0, 0.0, 0.0, 0.0, 0.0, 0.0, 0.0, 0.0, 0.0]",0
1479513000021722998,,91886,,1479513000,21455049,"""/imu""",,0,0,37.397239685058594,-122.10223388671875,-8.006996154785156,"[0.0, 0.0, 0.0, 0.0, 0.0, 0.0, 0.0, 0.0, 0.0]",0
1479513000026325026,,91887,,1479513000,26021957,"""/imu""",,0,0,37.397239685058594,-122.10223388671875,-8.006750106811523,"[0.0, 0.0, 0.0, 0.0, 0.0, 0.0, 0.0, 0.0, 0.0]",0
1479513000026818876,,91888,,1479513000,26547908,"""/imu""",,0,0,37.397239685058594,-122.10223388671875,-8.006508827209473,"[0.0, 0.0, 0.0, 0.0, 0.0, 0.0, 0.0, 0.0, 0.0]",0
1479513000031220478,,91889,,1479513000,30889034,"""/imu""",,0,0,37.397239685058594,-122.10223388671875,-8.006269454956055,"[0.0, 0.0, 0.0, 0.0, 0.0, 0.0, 0.0, 0.0, 0.0]",0
1479513000031778476,,91890,,1479513000,31483888,"""/imu""",,0,0,37.397239685058594,-122.10223388671875,-8.00603199005127,"[0.0, 0.0, 0.0, 0.0, 0.0, 0.0, 0.0, 0.0, 0.0]",0
1479513000036216148,,91891,,1479513000,35860061,"""/imu""",,0,0,37.397239685058594,-122.10223388671875,-8.005793571472168,"[0.0, 0.0, 0.0, 0.0, 0.0, 0.0, 0.0, 0.0, 0.0]",0
1479513000036817528,,91892,,1479513000,36465883,"""/imu""",,0,0,37.397239685058594,-122.10223388671875,-8.005552291870117,"[0.0, 0.0, 0.0, 0.0, 0.0, 0.0, 0.0, 0.0, 0.0]",0
1479513000041376892,,91893,,1479513000,40895938,"""/imu""",,0,0,37.397239685058594,-122.10223388671875,-8.00492000579834,"[0.0, 0.0, 0.0, 0.0, 0.0, 0.0, 0.0, 0.0, 0.0]",0
1479513000041703278,,91894,,1479513000,41429042,"""/imu""",,0,0,37.397239685058594,-122.10223388671875,-8.004672050476074,"[0.0, 0.0, 0.0, 0.0, 0.0, 0.0, 0.0, 0.0, 0.0]",0
1479513000046506020,,91895,,1479513000,45995950,"""/imu""",,0,0,37.397239685058594,-122.10223388671875,-8.004419326782227,"[0.0, 0.0, 0.0, 0.0, 0.0, 0.0, 0.0, 0.0, 0.0]",0
1479513000047130471,,91896,,1479513000,46751976,"""/imu""",,0,0,37.397239685058594,-122.10223388671875,-8.004162788391113,"[0.0, 0.0, 0.0, 0.0, 0.0, 0.0, 0.0, 0.0, 0.0]",0
1479513000051529171,,91897,,1479513000,50911903,"""/imu""",,0,0,37.397239685058594,-122.10223388671875,-8.003899574279785,"[0.0, 0.0, 0.0, 0.0, 0.0, 0.0, 0.0, 0.0, 0.0]",0
1479513000051998589,,91898,,1479513000,51626920,"""/imu""",,0,0,37.397239685058594,-122.10223388671875,-8.003637313842773,"[0.0, 0.0, 0.0, 0.0, 0.0, 0.0, 0.0, 0.0, 0.0]",0
1479513000056275308,,91899,,1479513000,55887937,"""/imu""",,0,0,37.397239685058594,-122.10223388671875,-8.003374099731445,"[0.0, 0.0, 0.0, 0.0, 0.0, 0.0, 0.0, 0.0, 0.0]",0
1479513000056829423,,91900,,1479513000,56489944,"""/imu""",,0,0,37.397239685058594,-122.10223388671875,-8.00311279296875,"[0.0, 0.0, 0.0, 0.0, 0.0, 0.0, 0.0, 0.0, 0.0]",0
1479513000061259199,,91901,,1479513000,60893058,"""/imu""",,0,0,37.397239685058594,-122.10223388671875,-8.002483367919922,"[0.0, 0.0, 0.0, 0.0, 0.0, 0.0, 0.0, 0.0, 0.0]",0
1479513000061770023,,91902,,1479513000,61496019,"""/imu""",,0,0,37.397239685058594,-122.10223388671875,-8.002224922180176,"[0.0, 0.0, 0.0, 0.0, 0.0, 0.0, 0.0, 0.0, 0.0]",0
1479513000066384929,,91903,,1479513000,66001892,"""/imu""",,0,0,37.397239685058594,-122.10223388671875,-8.001969337463379,"[0.0, 0.0, 0.0, 0.0, 0.0, 0.0, 0.0, 0.0, 0.0]",0
1479513000066956734,,91904,,1479513000,66632986,"""/imu""",,0,0,37.397239685058594,-122.10223388671875,-8.001714706420898,"[0.0, 0.0, 0.0, 0.0, 0.0, 0.0, 0.0, 0.0, 0.0]",0
1479513000071459204,,91905,,1479513000,70931911,"""/imu""",,0,0,37.397239685058594,-122.10224151611328,-8.00201416015625,"[0.0, 0.0, 0.0, 0.0, 0.0, 0.0, 0.0, 0.0, 0.0]",0
1479513000071843905,,91906,,1479513000,71511983,"""/imu""",,0,0,37.397239685058594,-122.10224151611328,-8.001771926879883,"[0.0, 0.0, 0.0, 0.0, 0.0, 0.0, 0.0, 0.0, 0.0]",0
1479513000076214396,,91907,,1479513000,75894117,"""/imu""",,0,0,37.397239685058594,-122.10224151611328,-8.001532554626465,"[0.0, 0.0, 0.0, 0.0, 0.0, 0.0, 0.0, 0.0, 0.0]",0
1479513000076797520,,91908,,1479513000,76440095,"""/imu""",,0,0,37.397239685058594,-122.10224151611328,-8.001297950744629,"[0.0, 0.0, 0.0, 0.0, 0.0, 0.0, 0.0, 0.0, 0.0]",0
1479513000081364962,,91909,,1479513000,80890893,"""/imu""",,0,0,37.397239685058594,-122.10224151611328,-7.999759674072266,"[0.0, 0.0, 0.0, 0.0, 0.0, 0.0, 0.0, 0.0, 0.0]",0
1479513000081896628,,91910,,1479513000,81571102,"""/imu""",,0,0,37.397239685058594,-122.10224151611328,-7.999536991119385,"[0.0, 0.0, 0.0, 0.0, 0.0, 0.0, 0.0, 0.0, 0.0]",0
1479513000086307272,,91911,,1479513000,85964918,"""/imu""",,0,0,37.397239685058594,-122.10224151611328,-7.999320983886719,"[0.0, 0.0, 0.0, 0.0, 0.0, 0.0, 0.0, 0.0, 0.0]",0
1479513000086884108,,91912,,1479513000,86563110,"""/imu""",,0,0,37.397239685058594,-122.10224151611328,-7.999109745025635,"[0.0, 0.0, 0.0, 0.0, 0.0, 0.0, 0.0, 0.0, 0.0]",0
1479513000091323961,,91913,,1479513000,90892076,"""/imu""",,0,0,37.397239685058594,-122.10224151611328,-7.9989013671875,"[0.0, 0.0, 0.0, 0.0, 0.0, 0.0, 0.0, 0.0, 0.0]",0
1479513000091740224,,91914,,1479513000,91451883,"""/imu""",,0,0,37.397239685058594,-122.10224151611328,-7.998695373535156,"[0.0, 0.0, 0.0, 0.0, 0.0, 0.0, 0.0, 0.0, 0.0]",0
1479513000096159967,,91915,,1479513000,95868110,"""/imu""",,0,0,37.397239685058594,-122.10224151611328,-7.998487949371338,"[0.0, 0.0, 0.0, 0.0, 0.0, 0.0, 0.0, 0.0, 0.0]",0
1479513000096765497,,91916,,1479513000,96393108,"""/imu""",,0,0,37.397239685058594,-122.10224151611328,-7.9982757568359375,"[0.0, 0.0, 0.0, 0.0, 0.0, 0.0, 0.0, 0.0, 0.0]",0
1479513000101361840,,91917,,1479513000,100914955,"""/imu""",,0,0,37.397239685058594,-122.10224151611328,-7.998685359954834,"[0.0, 0.0, 0.0, 0.0, 0.0, 0.0, 0.0, 0.0, 0.0]",0
1479513000101881111,,91918,,1479513000,101560115,"""/imu""",,0,0,37.397239685058594,-122.10224151611328,-7.998457431793213,"[0.0, 0.0, 0.0, 0.0, 0.0, 0.0, 0.0, 0.0, 0.0]",0
1479513000106288883,,91919,,1479513000,105947971,"""/imu""",,0,0,37.397239685058594,-122.10224151611328,-7.9982194900512695,"[0.0, 0.0, 0.0, 0.0, 0.0, 0.0, 0.0, 0.0, 0.0]",0
1479513000106816338,,91920,,1479513000,106508016,"""/imu""",,0,0,37.397239685058594,-122.10224151611328,-7.997971057891846,"[0.0, 0.0, 0.0, 0.0, 0.0, 0.0, 0.0, 0.0, 0.0]",0
1479513000111552141,,91921,,1479513000,110949039,"""/imu""",,0,0,37.397239685058594,-122.10224151611328,-7.997705936431885,"[0.0, 0.0, 0.0, 0.0, 0.0, 0.0, 0.0, 0.0, 0.0]",0
1479513000112335730,,91922,,1479513000,111905097,"""/imu""",,0,0,37.397239685058594,-122.10224151611328,-7.997438907623291,"[0.0, 0.0, 0.0, 0.0, 0.0, 0.0, 0.0, 0.0, 0.0]",0
1479513000116596014,,91923,,1479513000,115909099,"""/imu""",,0,0,37.397239685058594,-122.10224151611328,-7.997165203094482,"[0.0, 0.0, 0.0, 0.0, 0.0, 0.0, 0.0, 0.0, 0.0]",0
1479513000117025062,,91924,,1479513000,116683959,"""/imu""",,0,0,37.397239685058594,-122.10224151611328,-7.996886253356934,"[0.0, 0.0, 0.0, 0.0, 0.0, 0.0, 0.0, 0.0, 0.0]",0
1479513000121958374,,91925,,1479513000,121022939,"""/imu""",,0,0,37.397239685058594,-122.10224151611328,-7.993348598480225,"[0.0, 0.0, 0.0, 0.0, 0.0, 0.0, 0.0, 0.0, 0.0]",0
1479513000122490804,,91926,,1479513000,122212886,"""/imu""",,0,0,37.39724349975586,-122.10224151611328,-7.993063449859619,"[0.0, 0.0, 0.0, 0.0, 0.0, 0.0, 0.0, 0.0, 0.0]",0
1479513000126359748,,91927,,1479513000,126009941,"""/imu""",,0,0,37.39724349975586,-122.10224151611328,-7.992779731750488,"[0.0, 0.0, 0.0, 0.0, 0.0, 0.0, 0.0, 0.0, 0.0]",0
1479513000126850029,,91928,,1479513000,126584053,"""/imu""",,0,0,37.39724349975586,-122.10224151611328,-7.992499828338623,"[0.0, 0.0, 0.0, 0.0, 0.0, 0.0, 0.0, 0.0, 0.0]",0
1479513000131214996,,91929,,1479513000,130892038,"""/imu""",,0,0,37.39724349975586,-122.10224151611328,-7.992232799530029,"[0.0, 0.0, 0.0, 0.0, 0.0, 0.0, 0.0, 0.0, 0.0]",0
1479513000131760470,,91930,,1479513000,131416082,"""/imu""",,0,0,37.39724349975586,-122.10224151611328,-7.991962909698486,"[0.0, 0.0, 0.0, 0.0, 0.0, 0.0, 0.0, 0.0, 0.0]",0
1479513000136201778,,91931,,1479513000,135860919,"""/imu""",,0,0,37.39724349975586,-122.10224151611328,-7.991699695587158,"[0.0, 0.0, 0.0, 0.0, 0.0, 0.0, 0.0, 0.0, 0.0]",0
1479513000136826943,,91932,,1479513000,136403083,"""/imu""",,0,0,37.39724349975586,-122.10224151611328,-7.991442680358887,"[0.0, 0.0, 0.0, 0.0, 0.0, 0.0, 0.0, 0.0, 0.0]",0
1479513000141145712,,91933,,1479513000,140856027,"""/imu""",,0,0,37.39724349975586,-122.10224151611328,-7.985974311828613,"[0.0, 0.0, 0.0, 0.0, 0.0, 0.0, 0.0, 0.0, 0.0]",0
1479513000141706964,,91934,,1479513000,141355037,"""/imu""",,0,0,37.39724349975586,-122.10224151611328,-7.985726356506348,"[0.0, 0.0, 0.0, 0.0, 0.0, 0.0, 0.0, 0.0, 0.0]",0
1479513000146425663,,91935,,1479513000,146002054,"""/imu""",,0,0,37.39724349975586,-122.10224151611328,-7.985485076904297,"[0.0, 0.0, 0.0, 0.0, 0.0, 0.0, 0.0, 0.0, 0.0]",0
1479513000147005157,,91936,,1479513000,146646976,"""/imu""",,0,0,37.39724349975586,-122.10224151611328,-7.985248565673828,"[0.0, 0.0, 0.0, 0.0, 0.0, 0.0, 0.0, 0.0, 0.0]",0
1479513000151392264,,91937,,1479513000,150929927,"""/imu""",,0,0,37.39724349975586,-122.10224151611328,-7.985010623931885,"[0.0, 0.0, 0.0, 0.0, 0.0, 0.0, 0.0, 0.0, 0.0]",0
1479513000152115336,,91938,,1479513000,151715040,"""/imu""",,0,0,37.39724349975586,-122.10224151611328,-7.984781265258789,"[0.0, 0.0, 0.0, 0.0, 0.0, 0.0, 0.0, 0.0, 0.0]",0
1479513000156239157,,91939,,1479513000,155864000,"""/imu""",,0,0,37.39724349975586,-122.10224914550781,-7.984552383422852,"[0.0, 0.0, 0.0, 0.0, 0.0, 0.0, 0.0, 0.0, 0.0]",0
1479513000156750500,,91940,,1479513000,156459093,"""/imu""",,0,0,37.39724349975586,-122.10224914550781,-7.9843220710754395,"[0.0, 0.0, 0.0, 0.0, 0.0, 0.0, 0.0, 0.0, 0.0]",0
1479513000161480123,,91941,,1479513000,160862922,"""/imu""",,0,0,37.39724349975586,-122.10224914550781,-7.983795642852783,"[0.0, 0.0, 0.0, 0.0, 0.0, 0.0, 0.0, 0.0, 0.0]",0
1479513000162107338,,91942,,1479513000,161570072,"""/imu""",,0,0,37.39724349975586,-122.10224914550781,-7.983557224273682,"[0.0, 0.0, 0.0, 0.0, 0.0, 0.0, 0.0, 0.0, 0.0]",0
1479513000166458741,,91943,,1479513000,166004896,"""/imu""",,0,0,37.39724349975586,-122.10224914550781,-7.983312129974365,"[0.0, 0.0, 0.0, 0.0, 0.0, 0.0, 0.0, 0.0, 0.0]",0
1479513000167349283,,91944,,1479513000,166794061,"""/imu""",,0,0,37.39724349975586,-122.10224914550781,-7.983059406280518,"[0.0, 0.0, 0.0, 0.0, 0.0, 0.0, 0.0, 0.0, 0.0]",0
1479513000171239640,,91945,,1479513000,170902013,"""/imu""",,0,0,37.39724349975586,-122.10224914550781,-7.982790946960449,"[0.0, 0.0, 0.0, 0.0, 0.0, 0.0, 0.0, 0.0, 0.0]",0
1479513000171744929,,91946,,1479513000,171439886,"""/imu""",,0,0,37.39724349975586,-122.10224914550781,-7.98252010345459,"[0.0, 0.0, 0.0, 0.0, 0.0, 0.0, 0.0, 0.0, 0.0]",0
1479513000176271500,,91947,,1479513000,175874948,"""/imu""",,0,0,37.39724349975586,-122.10224914550781,-7.982239723205566,"[0.0, 0.0, 0.0, 0.0, 0.0, 0.0, 0.0, 0.0, 0.0]",0
1479513000176953137,,91948,,1479513000,176481008,"""/imu""",,0,0,37.39724349975586,-122.10224914550781,-7.981949329376221,"[0.0, 0.0, 0.0, 0.0, 0.0, 0.0, 0.0, 0.0, 0.0]",0
1479513000181476716,,91949,,1479513000,180962085,"""/imu""",,0,0,37.39724349975586,-122.10224914550781,-7.982367515563965,"[0.0, 0.0, 0.0, 0.0, 0.0, 0.0, 0.0, 0.0, 0.0]",0
1479513000182122681,,91950,,1479513000,181730031,"""/imu""",,0,0,37.39724349975586,-122.10224914550781,-7.982060432434082,"[0.0, 0.0, 0.0, 0.0, 0.0, 0.0, 0.0, 0.0, 0.0]",0
1479513000186330416,,91951,,1479513000,185951948,"""/imu""",,0,0,37.39724349975586,-122.10224914550781,-7.981747627258301,"[0.0, 0.0, 0.0, 0.0, 0.0, 0.0, 0.0, 0.0, 0.0]",0
1479513000187064141,,91952,,1479513000,186573028,"""/imu""",,0,0,37.39724349975586,-122.10224914550781,-7.981431007385254,"[0.0, 0.0, 0.0, 0.0, 0.0, 0.0, 0.0, 0.0, 0.0]",0
1479513000191285926,,91953,,1479513000,190895080,"""/imu""",,0,0,37.39724349975586,-122.10224914550781,-7.9811224937438965,"[0.0, 0.0, 0.0, 0.0, 0.0, 0.0, 0.0, 0.0, 0.0]",0
1479513000191762216,,91954,,1479513000,191466093,"""/imu""",,0,0,37.39724349975586,-122.10224914550781,-7.980807304382324,"[0.0, 0.0, 0.0, 0.0, 0.0, 0.0, 0.0, 0.0, 0.0]",0
1479513000196212793,,91955,,1479513000,195875883,"""/imu""",,0,0,37.39724349975586,-122.10224914550781,-7.980496406555176,"[0.0, 0.0, 0.0, 0.0, 0.0, 0.0, 0.0, 0.0, 0.0]",0
1479513000196796440,,91956,,1479513000,196464061,"""/imu""",,0,0,37.39724349975586,-122.10224914550781,-7.980192184448242,"[0.0, 0.0, 0.0, 0.0, 0.0, 0.0, 0.0, 0.0, 0.0]",0
1479513000201369098,,91957,,1479513000,200927972,"""/imu""",,0,0,37.39724349975586,-122.10224914550781,-7.977633476257324,"[0.0, 0.0, 0.0, 0.0, 0.0, 0.0, 0.0, 0.0, 0.0]",0
1479513000201917101,,91958,,1479513000,201596021,"""/imu""",,0,0,37.39724349975586,-122.10224914550781,-7.977344036102295,"[0.0, 0.0, 0.0, 0.0, 0.0, 0.0, 0.0, 0.0, 0.0]",0
1479513000206423493,,91959,,1479513000,205949068,"""/imu""",,0,0,37.39724349975586,-122.10224914550781,-7.977061748504639,"[0.0, 0.0, 0.0, 0.0, 0.0, 0.0, 0.0, 0.0, 0.0]",0
1479513000206786428,,91960,,1479513000,206500053,"""/imu""",,0,0,37.39724349975586,-122.10224914550781,-7.976784706115723,"[0.0, 0.0, 0.0, 0.0, 0.0, 0.0, 0.0, 0.0, 0.0]",0
1479513000211693458,,91961,,1479513000,210963964,"""/imu""",,0,0,37.39724349975586,-122.10224914550781,-7.976505279541016,"[0.0, 0.0, 0.0, 0.0, 0.0, 0.0, 0.0, 0.0, 0.0]",0
1479513000212210637,,91962,,1479513000,211836099,"""/imu""",,0,0,37.39724349975586,-122.10224914550781,-7.976232051849365,"[0.0, 0.0, 0.0, 0.0, 0.0, 0.0, 0.0, 0.0, 0.0]",0
1479513000216269668,,91963,,1479513000,215873956,"""/imu""",,0,0,37.39724349975586,-122.10224914550781,-7.975956916809082,"[0.0, 0.0, 0.0, 0.0, 0.0, 0.0, 0.0, 0.0, 0.0]",0
1479513000217025766,,91964,,1479513000,216660976,"""/imu""",,0,0,37.39724349975586,-122.10224914550781,-7.975678443908691,"[0.0, 0.0, 0.0, 0.0, 0.0, 0.0, 0.0, 0.0, 0.0]",0
1479513000221293953,,91965,,1479513000,220911979,"""/imu""",,0,0,37.397247314453125,-122.10224914550781,-7.974123001098633,"[0.0, 0.0, 0.0, 0.0, 0.0, 0.0, 0.0, 0.0, 0.0]",0
1479513000221827946,,91966,,1479513000,221523046,"""/imu""",,0,0,37.397247314453125,-122.10224914550781,-7.9738359451293945,"[0.0, 0.0, 0.0, 0.0, 0.0, 0.0, 0.0, 0.0, 0.0]",0
1479513000226675715,,91967,,1479513000,226038932,"""/imu""",,0,0,37.397247314453125,-122.10224914550781,-7.973543167114258,"[0.0, 0.0, 0.0, 0.0, 0.0, 0.0, 0.0, 0.0, 0.0]",0
1479513000226989228,,91968,,1479513000,226563930,"""/imu""",,0,0,37.397247314453125,-122.10224914550781,-7.973245620727539,"[0.0, 0.0, 0.0, 0.0, 0.0, 0.0, 0.0, 0.0, 0.0]",0
1479513000231436816,,91969,,1479513000,230937004,"""/imu""",,0,0,37.397247314453125,-122.10224914550781,-7.972943305969238,"[0.0, 0.0, 0.0, 0.0, 0.0, 0.0, 0.0, 0.0, 0.0]",0
1479513000232363105,,91970,,1479513000,231719017,"""/imu""",,0,0,37.397247314453125,-122.10224914550781,-7.972637176513672,"[0.0, 0.0, 0.0, 0.0, 0.0, 0.0, 0.0, 0.0, 0.0]",0
1479513000236246180,,91971,,1479513000,235879898,"""/imu""",,0,0,37.397247314453125,-122.10224914550781,-7.972328186035156,"[0.0, 0.0, 0.0, 0.0, 0.0, 0.0, 0.0, 0.0, 0.0]",0
1479513000236772518,,91972,,1479513000,236469984,"""/imu""",,0,0,37.397247314453125,-122.10225677490234,-7.972015857696533,"[0.0, 0.0, 0.0, 0.0, 0.0, 0.0, 0.0, 0.0, 0.0]",0
1479513000241306222,,91973,,1479513000,240935087,"""/imu""",,0,0,37.397247314453125,-122.10225677490234,-7.969429969787598,"[0.0, 0.0, 0.0, 0.0, 0.0, 0.0, 0.0, 0.0, 0.0]",0
1479513000242016206,,91974,,1479513000,241585969,"""/imu""",,0,0,37.397247314453125,-122.10225677490234,-7.969111442565918,"[0.0, 0.0, 0.0, 0.0, 0.0, 0.0, 0.0, 0.0, 0.0]",0
1479513000246803614,,91975,,1479513000,245981931,"""/imu""",,0,0,37.397247314453125,-122.10225677490234,-7.968789577484131,"[0.0, 0.0, 0.0, 0.0, 0.0, 0.0, 0.0, 0.0, 0.0]",0
1479513000247201738,,91976,,1479513000,246861934,"""/imu""",,0,0,37.397247314453125,-122.10225677490234,-7.9684648513793945,"[0.0, 0.0, 0.0, 0.0, 0.0, 0.0, 0.0, 0.0, 0.0]",0
1479513000251591577,,91977,,1479513000,250982999,"""/imu""",,0,0,37.397247314453125,-122.10225677490234,-7.968136787414551,"[0.0, 0.0, 0.0, 0.0, 0.0, 0.0, 0.0, 0.0, 0.0]",0
1479513000252007355,,91978,,1479513000,251672983,"""/imu""",,0,0,37.397247314453125,-122.10225677490234,-7.967804908752441,"[0.0, 0.0, 0.0, 0.0, 0.0, 0.0, 0.0, 0.0, 0.0]",0
1479513000256243322,,91979,,1479513000,255887031,"""/imu""",,0,0,37.397247314453125,-122.10225677490234,-7.967469215393066,"[0.0, 0.0, 0.0, 0.0, 0.0, 0.0, 0.0, 0.0, 0.0]",0
1479513000256825451,,91980,,1479513000,256469964,"""/imu""",,0,0,37.397247314453125,-122.10225677490234,-7.9671311378479,"[0.0, 0.0, 0.0, 0.0, 0.0, 0.0, 0.0, 0.0, 0.0]",0
1479513000261283083,,91981,,1479513000,260904073,"""/imu""",,0,0,37.397247314453125,-122.10225677490234,-7.966564655303955,"[0.0, 0.0, 0.0, 0.0, 0.0, 0.0, 0.0, 0.0, 0.0]",0
1479513000261867425,,91982,,1479513000,261522054,"""/imu""",,0,0,37.397247314453125,-122.10225677490234,-7.966224670410156,"[0.0, 0.0, 0.0, 0.0, 0.0, 0.0, 0.0, 0.0, 0.0]",0
1479513000266490609,,91983,,1479513000,265961885,"""/imu""",,0,0,37.397247314453125,-122.10225677490234,-7.965887546539307,"[0.0, 0.0, 0.0, 0.0, 0.0, 0.0, 0.0, 0.0, 0.0]",0
1479513000266900906,,91984,,1479513000,266583919,"""/imu""",,0,0,37.397247314453125,-122.10225677490234,-7.965554714202881,"[0.0, 0.0, 0.0, 0.0, 0.0, 0.0, 0.0, 0.0, 0.0]",0
1479513000271507376,,91985,,1479513000,270989894,"""/imu""",,0,0,37.397247314453125,-122.10225677490234,-7.96523380279541,"[0.0, 0.0, 0.0, 0.0, 0.0, 0.0, 0.0, 0.0, 0.0]",0
1479513000271870712,,91986,,1479513000,271548032,"""/imu""",,0,0,37.397247314453125,-122.10225677490234,-7.964914321899414,"[0.0, 0.0, 0.0, 0.0, 0.0, 0.0, 0.0, 0.0, 0.0]",0
1479513000276289397,,91987,,1479513000,275877952,"""/imu""",,0,0,37.397247314453125,-122.10225677490234,-7.964603900909424,"[0.0, 0.0, 0.0, 0.0, 0.0, 0.0, 0.0, 0.0, 0.0]",0
1479513000276942206,,91988,,1479513000,276571035,"""/imu""",,0,0,37.397247314453125,-122.10225677490234,-7.964301586151123,"[0.0, 0.0, 0.0, 0.0, 0.0, 0.0, 0.0, 0.0, 0.0]",0
1479513000281387896,,91989,,1479513000,280951023,"""/imu""",,0,0,37.397247314453125,-122.10225677490234,-7.962760925292969,"[0.0, 0.0, 0.0, 0.0, 0.0, 0.0, 0.0, 0.0, 0.0]",0
1479513000282003581,,91990,,1479513000,281642913,"""/imu""",,0,0,37.397247314453125,-122.10225677490234,-7.9624738693237305,"[0.0, 0.0, 0.0, 0.0, 0.0, 0.0, 0.0, 0.0, 0.0]",0
1479513000286482456,,91991,,1479513000,285959005,"""/imu""",,0,0,37.397247314453125,-122.10225677490234,-7.962193489074707,"[0.0, 0.0, 0.0, 0.0, 0.0, 0.0, 0.0, 0.0, 0.0]",0
1479513000286835606,,91992,,1479513000,286539077,"""/imu""",,0,0,37.397247314453125,-122.10225677490234,-7.96191930770874,"[0.0, 0.0, 0.0, 0.0, 0.0, 0.0, 0.0, 0.0, 0.0]",0
1479513000291209614,,91993,,1479513000,290884971,"""/imu""",,0,0,37.397247314453125,-122.10225677490234,-7.961646556854248,"[0.0, 0.0, 0.0, 0.0, 0.0, 0.0, 0.0, 0.0, 0.0]",0
1479513000291710629,,91994,,1479513000,291414976,"""/imu""",,0,0,37.397247314453125,-122.10225677490234,-7.9613823890686035,"[0.0, 0.0, 0.0, 0.0, 0.0, 0.0, 0.0, 0.0, 0.0]",0
1479513000296146863,,91995,,1479513000,295850992,"""/imu""",,0,0,37.397247314453125,-122.10225677490234,-7.961122035980225,"[0.0, 0.0, 0.0, 0.0, 0.0, 0.0, 0.0, 0.0, 0.0]",0
1479513000296840327,,91996,,1479513000,296381950,"""/imu""",,0,0,37.397247314453125,-122.10225677490234,-7.960865020751953,"[0.0, 0.0, 0.0, 0.0, 0.0, 0.0, 0.0, 0.0, 0.0]",0
1479513000301277682,,91997,,1479513000,300885915,"""/imu""",,0,0,37.397247314453125,-122.10225677490234,-7.9593634605407715,"[0.0, 0.0, 0.0, 0.0, 0.0, 0.0, 0.0, 0.0, 0.0]",0
1479513000301862115,,91998,,1479513000,301490068,"""/imu""",,0,0,37.397247314453125,-122.10225677490234,-7.959112167358398,"[0.0, 0.0, 0.0, 0.0, 0.0, 0.0, 0.0, 0.0, 0.0]",0
1479513000306486139,,91999,,1479513000,306020021,"""/imu""",,0,0,37.397247314453125,-122.10225677490234,-7.958863258361816,"[0.0, 0.0, 0.0, 0.0, 0.0, 0.0, 0.0, 0.0, 0.0]",0
1479513000306936251,,92000,,1479513000,306600093,"""/imu""",,0,0,37.397247314453125,-122.10225677490234,-7.958616256713867,"[0.0, 0.0, 0.0, 0.0, 0.0, 0.0, 0.0, 0.0, 0.0]",0
1479513000311355414,,92001,,1479513000,310925960,"""/imu""",,0,0,37.397247314453125,-122.10225677490234,-7.958369255065918,"[0.0, 0.0, 0.0, 0.0, 0.0, 0.0, 0.0, 0.0, 0.0]",0
1479513000311876435,,92002,,1479513000,311568975,"""/imu""",,0,0,37.397247314453125,-122.10225677490234,-7.958125591278076,"[0.0, 0.0, 0.0, 0.0, 0.0, 0.0, 0.0, 0.0, 0.0]",0
1479513000316425893,,92003,,1479513000,315943956,"""/imu""",,0,0,37.397247314453125,-122.10225677490234,-7.957883358001709,"[0.0, 0.0, 0.0, 0.0, 0.0, 0.0, 0.0, 0.0, 0.0]",0
1479513000317212632,,92004,,1479513000,316762924,"""/imu""",,0,0,37.39725112915039,-122.10225677490234,-7.9576416015625,"[0.0, 0.0, 0.0, 0.0, 0.0, 0.0, 0.0, 0.0, 0.0]",0
1479513000321302688,,92005,,1479513000,320949077,"""/imu""",,0,0,37.39725112915039,-122.10225677490234,-7.9509124755859375,"[0.0, 0.0, 0.0, 0.0, 0.0, 0.0, 0.0, 0.0, 0.0]",0
1479513000322369419,,92006,,1479513000,321561098,"""/imu""",,0,0,37.39725112915039,-122.10226440429688,-7.950646877288818,"[0.0, 0.0, 0.0, 0.0, 0.0, 0.0, 0.0, 0.0, 0.0]",0
1479513000326394443,,92007,,1479513000,325932025,"""/imu""",,0,0,37.39725112915039,-122.10226440429688,-7.950373649597168,"[0.0, 0.0, 0.0, 0.0, 0.0, 0.0, 0.0, 0.0, 0.0]",0
1479513000326721954,,92008,,1479513000,326415061,"""/imu""",,0,0,37.39725112915039,-122.10226440429688,-7.950087547302246,"[0.0, 0.0, 0.0, 0.0, 0.0, 0.0, 0.0, 0.0, 0.0]",0
1479513000331230862,,92009,,1479513000,330883026,"""/imu""",,0,0,37.39725112915039,-122.10226440429688,-7.950615406036377,"[0.0, 0.0, 0.0, 0.0, 0.0, 0.0, 0.0, 0.0, 0.0]",0
1479513000331761379,,92010,,1479513000,331465959,"""/imu""",,0,0,37.39725112915039,-122.10226440429688,-7.950300693511963,"[0.0, 0.0, 0.0, 0.0, 0.0, 0.0, 0.0, 0.0, 0.0]",0
1479513000336365825,,92011,,1479513000,335896015,"""/imu""",,0,0,37.39725112915039,-122.10226440429688,-7.949971675872803,"[0.0, 0.0, 0.0, 0.0, 0.0, 0.0, 0.0, 0.0, 0.0]",0
1479513000336734134,,92012,,1479513000,336426973,"""/imu""",,0,0,37.39725112915039,-122.10226440429688,-7.949630260467529,"[0.0, 0.0, 0.0, 0.0, 0.0, 0.0, 0.0, 0.0, 0.0]",0
1479513000341542567,,92013,,1479513000,340943098,"""/imu""",,0,0,37.39725112915039,-122.10226440429688,-7.9491353034973145,"[0.0, 0.0, 0.0, 0.0, 0.0, 0.0, 0.0, 0.0, 0.0]",0
1479513000341912999,,92014,,1479513000,341588973,"""/imu""",,0,0,37.39725112915039,-122.10226440429688,-7.948780536651611,"[0.0, 0.0, 0.0, 0.0, 0.0, 0.0, 0.0, 0.0, 0.0]",0
1479513000346487700,,92015,,1479513000,346004009,"""/imu""",,0,0,37.39725112915039,-122.10226440429688,-7.948424339294434,"[0.0, 0.0, 0.0, 0.0, 0.0, 0.0, 0.0, 0.0, 0.0]",0
1479513000347184094,,92016,,1479513000,346724033,"""/imu""",,0,0,37.39725112915039,-122.10226440429688,-7.948069095611572,"[0.0, 0.0, 0.0, 0.0, 0.0, 0.0, 0.0, 0.0, 0.0]",0
1479513000351453046,,92017,,1479513000,350909948,"""/imu""",,0,0,37.39725112915039,-122.10226440429688,-7.947730541229248,"[0.0, 0.0, 0.0, 0.0, 0.0, 0.0, 0.0, 0.0, 0.0]",0
1479513000351839123,,92018,,1479513000,351574897,"""/imu""",,0,0,37.39725112915039,-122.10226440429688,-7.947380542755127,"[0.0, 0.0, 0.0, 0.0, 0.0, 0.0, 0.0, 0.0, 0.0]",0
1479513000356186127,,92019,,1479513000,355854034,"""/imu""",,0,0,37.39725112915039,-122.10226440429688,-7.947032451629639,"[0.0, 0.0, 0.0, 0.0, 0.0, 0.0, 0.0, 0.0, 0.0]",0
1479513000356718826,,92020,,1479513000,356420993,"""/imu""",,0,0,37.39725112915039,-122.10226440429688,-7.9466872215271,"[0.0, 0.0, 0.0, 0.0, 0.0, 0.0, 0.0, 0.0, 0.0]",0
1479513000361251116,,92021,,1479513000,360903024,"""/imu""",,0,0,37.39725112915039,-122.10226440429688,-7.946205139160156,"[0.0, 0.0, 0.0, 0.0, 0.0, 0.0, 0.0, 0.0, 0.0]",0
1479513000362505153,,92022,,1479513000,361563920,"""/imu""",,0,0,37.39725112915039,-122.10226440429688,-7.945863246917725,"[0.0, 0.0, 0.0, 0.0, 0.0, 0.0, 0.0, 0.0, 0.0]",0
1479513000366690888,,92023,,1479513000,366004943,"""/imu""",,0,0,37.39725112915039,-122.10226440429688,-7.945522785186768,"[0.0, 0.0, 0.0, 0.0, 0.0, 0.0, 0.0, 0.0, 0.0]",0
1479513000367133414,,92024,,1479513000,366776943,"""/imu""",,0,0,37.39725112915039,-122.10226440429688,-7.945186138153076,"[0.0, 0.0, 0.0, 0.0, 0.0, 0.0, 0.0, 0.0, 0.0]",0
1479513000371354236,,92025,,1479513000,370951890,"""/imu""",,0,0,37.39725112915039,-122.10226440429688,-7.944855213165283,"[0.0, 0.0, 0.0, 0.0, 0.0, 0.0, 0.0, 0.0, 0.0]",0
1479513000371844928,,92026,,1479513000,371553897,"""/imu""",,0,0,37.39725112915039,-122.10226440429688,-7.9445295333862305,"[0.0, 0.0, 0.0, 0.0, 0.0, 0.0, 0.0, 0.0, 0.0]",0
1479513000376623241,,92027,,1479513000,375974893,"""/imu""",,0,0,37.39725112915039,-122.10226440429688,-7.944211959838867,"[0.0, 0.0, 0.0, 0.0, 0.0, 0.0, 0.0, 0.0, 0.0]",0
1479513000377163249,,92028,,1479513000,376789093,"""/imu""",,0,0,37.39725112915039,-122.10226440429688,-7.943900108337402,"[0.0, 0.0, 0.0, 0.0, 0.0, 0.0, 0.0, 0.0, 0.0]",0
1479513000381242337,,92029,,1479513000,380902051,"""/imu""",,0,0,37.39725112915039,-122.10226440429688,-7.943471431732178,"[0.0, 0.0, 0.0, 0.0, 0.0, 0.0, 0.0, 0.0, 0.0]",0
1479513000381834802,,92030,,1479513000,381494998,"""/imu""",,0,0,37.39725112915039,-122.10226440429688,-7.94317102432251,"[0.0, 0.0, 0.0, 0.0, 0.0, 0.0, 0.0, 0.0, 0.0]",0
1479513000386279230,,92031,,1479513000,385967969,"""/imu""",,0,0,37.39725112915039,-122.10226440429688,-7.942874431610107,"[0.0, 0.0, 0.0, 0.0, 0.0, 0.0, 0.0, 0.0, 0.0]",0
1479513000386862752,,92032,,1479513000,386554002,"""/imu""",,0,0,37.39725112915039,-122.10226440429688,-7.94257926940918,"[0.0, 0.0, 0.0, 0.0, 0.0, 0.0, 0.0, 0.0, 0.0]",0
1479513000391270924,,92033,,1479513000,390913963,"""/imu""",,0,0,37.39725112915039,-122.10226440429688,-7.942275524139404,"[0.0, 0.0, 0.0, 0.0, 0.0, 0.0, 0.0, 0.0, 0.0]",0
1479513000391772837,,92034,,1479513000,391479969,"""/imu""",,0,0,37.39725112915039,-122.10226440429688,-7.941977500915527,"[0.0, 0.0, 0.0, 0.0, 0.0, 0.0, 0.0, 0.0, 0.0]",0
1479513000396231959,,92035,,1479513000,395889997,"""/imu""",,0,0,37.39725112915039,-122.10226440429688,-7.94167423248291,"[0.0, 0.0, 0.0, 0.0, 0.0, 0.0, 0.0, 0.0, 0.0]",0
1479513000397117340,,92036,,1479513000,396470069,"""/imu""",,0,0,37.39725112915039,-122.10226440429688,-7.941364765167236,"[0.0, 0.0, 0.0, 0.0, 0.0, 0.0, 0.0, 0.0, 0.0]",0
1479513000401326996,,92037,,1479513000,400911092,"""/imu""",,0,0,37.39725112915039,-122.10226440429688,-7.941934108734131,"[0.0, 0.0, 0.0, 0.0, 0.0, 0.0, 0.0, 0.0, 0.0]",0
1479513000401893408,,92038,,1479513000,401568889,"""/imu""",,0,0,37.39725112915039,-122.10226440429688,-7.941610336303711,"[0.0, 0.0, 0.0, 0.0, 0.0, 0.0, 0.0, 0.0, 0.0]",0
1479513000406385811,,92039,,1479513000,405958890,"""/imu""",,0,0,37.39725112915039,-122.1022720336914,-7.941279411315918,"[0.0, 0.0, 0.0, 0.0, 0.0, 0.0, 0.0, 0.0, 0.0]",0
1479513000406938558,,92040,,1479513000,406626939,"""/imu""",,0,0,37.397254943847656,-122.1022720336914,-7.940942764282227,"[0.0, 0.0, 0.0, 0.0, 0.0, 0.0, 0.0, 0.0, 0.0]",0
1479513000412987610,,92041,,1479513000,412497043,"""/imu""",,0,0,37.397254943847656,-122.1022720336914,-7.940603256225586,"[0.0, 0.0, 0.0, 0.0, 0.0, 0.0, 0.0, 0.0, 0.0]",0
1479513000413635235,,92042,,1479513000,413289070,"""/imu""",,0,0,37.397254943847656,-122.1022720336914,-7.940260410308838,"[0.0, 0.0, 0.0, 0.0, 0.0, 0.0, 0.0, 0.0, 0.0]",0
1479513000416438737,,92043,,1479513000,415937900,"""/imu""",,0,0,37.397254943847656,-122.1022720336914,-7.939916610717773,"[0.0, 0.0, 0.0, 0.0, 0.0, 0.0, 0.0, 0.0, 0.0]",0
1479513000416983300,,92044,,1479513000,416584014,"""/imu""",,0,0,37.397254943847656,-122.1022720336914,-7.939574241638184,"[0.0, 0.0, 0.0, 0.0, 0.0, 0.0, 0.0, 0.0, 0.0]",0
1479513000421414107,,92045,,1479513000,420927047,"""/imu""",,0,0,37.397254943847656,-122.1022720336914,-7.937096118927002,"[0.0, 0.0, 0.0, 0.0, 0.0, 0.0, 0.0, 0.0, 0.0]",0
1479513000421761224,,92046,,1479513000,421484947,"""/imu""",,0,0,37.397254943847656,-122.1022720336914,-7.936758041381836,"[0.0, 0.0, 0.0, 0.0, 0.0, 0.0, 0.0, 0.0, 0.0]",0
1479513000426321999,,92047,,1479513000,425995111,"""/imu""",,0,0,37.397254943847656,-122.1022720336914,-7.93642520904541,"[0.0, 0.0, 0.0, 0.0, 0.0, 0.0, 0.0, 0.0, 0.0]",0
1479513000426842648,,92048,,1479513000,426527976,"""/imu""",,0,0,37.397254943847656,-122.1022720336914,-7.936100006103516,"[0.0, 0.0, 0.0, 0.0, 0.0, 0.0, 0.0, 0.0, 0.0]",0
1479513000431215469,,92049,,1479513000,430918931,"""/imu""",,0,0,37.397254943847656,-122.1022720336914,-7.935786724090576,"[0.0, 0.0, 0.0, 0.0, 0.0, 0.0, 0.0, 0.0, 0.0]",0
1479513000431695859,,92050,,1479513000,431428909,"""/imu""",,0,0,37.397254943847656,-122.1022720336914,-7.9354753494262695,"[0.0, 0.0, 0.0, 0.0, 0.0, 0.0, 0.0, 0.0, 0.0]",0
1479513000436345397,,92051,,1479513000,435883045,"""/imu""",,0,0,37.397254943847656,-122.1022720336914,-7.935169696807861,"[0.0, 0.0, 0.0, 0.0, 0.0, 0.0, 0.0, 0.0, 0.0]",0
1479513000436872574,,92052,,1479513000,436419963,"""/imu""",,0,0,37.397254943847656,-122.1022720336914,-7.934868335723877,"[0.0, 0.0, 0.0, 0.0, 0.0, 0.0, 0.0, 0.0, 0.0]",0
1479513000441282811,,92053,,1479513000,440917968,"""/imu""",,0,0,37.397254943847656,-122.1022720336914,-7.933443546295166,"[0.0, 0.0, 0.0, 0.0, 0.0, 0.0, 0.0, 0.0, 0.0]",0
1479513000441934607,,92054,,1479513000,441560983,"""/imu""",,0,0,37.397254943847656,-122.1022720336914,-7.933144569396973,"[0.0, 0.0, 0.0, 0.0, 0.0, 0.0, 0.0, 0.0, 0.0]",0
1479513000446547426,,92055,,1479513000,445986986,"""/imu""",,0,0,37.397254943847656,-122.1022720336914,-7.9328436851501465,"[0.0, 0.0, 0.0, 0.0, 0.0, 0.0, 0.0, 0.0, 0.0]",0
1479513000447317672,,92056,,1479513000,446825981,"""/imu""",,0,0,37.397254943847656,-122.1022720336914,-7.932539939880371,"[0.0, 0.0, 0.0, 0.0, 0.0, 0.0, 0.0, 0.0, 0.0]",0
1479513000451436571,,92057,,1479513000,450920104,"""/imu""",,0,0,37.397254943847656,-122.1022720336914,-7.932216644287109,"[0.0, 0.0, 0.0, 0.0, 0.0, 0.0, 0.0, 0.0, 0.0]",0
1479513000451965359,,92058,,1479513000,451622962,"""/imu""",,0,0,37.397254943847656,-122.1022720336914,-7.9319024085998535,"[0.0, 0.0, 0.0, 0.0, 0.0, 0.0, 0.0, 0.0, 0.0]",0
1479513000456246999,,92059,,1479513000,455854892,"""/imu""",,0,0,37.397254943847656,-122.1022720336914,-7.931581974029541,"[0.0, 0.0, 0.0, 0.0, 0.0, 0.0, 0.0, 0.0, 0.0]",0
1479513000456800568,,92060,,1479513000,456458091,"""/imu""",,0,0,37.397254943847656,-122.1022720336914,-7.93125581741333,"[0.0, 0.0, 0.0, 0.0, 0.0, 0.0, 0.0, 0.0, 0.0]",0
1479513000461325517,,92061,,1479513000,460923910,"""/imu""",,0,0,37.397254943847656,-122.1022720336914,-7.928778171539307,"[0.0, 0.0, 0.0, 0.0, 0.0, 0.0, 0.0, 0.0, 0.0]",0
1479513000462049274,,92062,,1479513000,461642026,"""/imu""",,0,0,37.397254943847656,-122.1022720336914,-7.928439140319824,"[0.0, 0.0, 0.0, 0.0, 0.0, 0.0, 0.0, 0.0, 0.0]",0
1479513000466495115,,92063,,1479513000,466006040,"""/imu""",,0,0,37.397254943847656,-122.1022720336914,-7.928093910217285,"[0.0, 0.0, 0.0, 0.0, 0.0, 0.0, 0.0, 0.0, 0.0]",0
1479513000467228942,,92064,,1479513000,466805934,"""/imu""",,0,0,37.397254943847656,-122.1022720336914,-7.927743434906006,"[0.0, 0.0, 0.0, 0.0, 0.0, 0.0, 0.0, 0.0, 0.0]",0
1479513000471976328,,92065,,1479513000,470902919,"""/imu""",,0,0,37.397254943847656,-122.1022720336914,-7.927387714385986,"[0.0, 0.0, 0.0, 0.0, 0.0, 0.0, 0.0, 0.0, 0.0]",0
1479513000471985968,,92066,,1479513000,471451997,"""/imu""",,0,0,37.397254943847656,-122.1022720336914,-7.927027702331543,"[0.0, 0.0, 0.0, 0.0, 0.0, 0.0, 0.0, 0.0, 0.0]",0
1479513000476374483,,92067,,1479513000,475905895,"""/imu""",,0,0,37.397254943847656,-122.1022720336914,-7.926664352416992,"[0.0, 0.0, 0.0, 0.0, 0.0, 0.0, 0.0, 0.0, 0.0]",0
1479513000477058085,,92068,,1479513000,476664066,"""/imu""",,0,0,37.397254943847656,-122.1022720336914,-7.926299571990967,"[0.0, 0.0, 0.0, 0.0, 0.0, 0.0, 0.0, 0.0, 0.0]",0
1479513000481261135,,92069,,1479513000,480900049,"""/imu""",,0,0,37.397254943847656,-122.1022720336914,-7.92587947845459,"[0.0, 0.0, 0.0, 0.0, 0.0, 0.0, 0.0, 0.0, 0.0]",0
1479513000481996584,,92070,,1479513000,481542110,"""/imu""",,0,0,37.397254943847656,-122.1022720336914,-7.92551851272583,"[0.0, 0.0, 0.0, 0.0, 0.0, 0.0, 0.0, 0.0, 0.0]",0
1479513000486266683,,92071,,1479513000,485934019,"""/imu""",,0,0,37.397254943847656,-122.1022720336914,-7.925161361694336,"[0.0, 0.0, 0.0, 0.0, 0.0, 0.0, 0.0, 0.0, 0.0]",0
1479513000486822738,,92072,,1479513000,486471891,"""/imu""",,0,0,37.397254943847656,-122.1022720336914,-7.924808979034424,"[0.0, 0.0, 0.0, 0.0, 0.0, 0.0, 0.0, 0.0, 0.0]",0
1479513000491200065,,92073,,1479513000,490883111,"""/imu""",,0,0,37.397254943847656,-122.10227966308594,-7.924468994140625,"[0.0, 0.0, 0.0, 0.0, 0.0, 0.0, 0.0, 0.0, 0.0]",0
1479513000491741267,,92074,,1479513000,491421937,"""/imu""",,0,0,37.397254943847656,-122.10227966308594,-7.924126625061035,"[0.0, 0.0, 0.0, 0.0, 0.0, 0.0, 0.0, 0.0, 0.0]",0
1479513000496236812,,92075,,1479513000,495904922,"""/imu""",,0,0,37.397254943847656,-122.10227966308594,-7.923789024353027,"[0.0, 0.0, 0.0, 0.0, 0.0, 0.0, 0.0, 0.0, 0.0]",0
1479513000496772787,,92076,,1479513000,496474981,"""/imu""",,0,0,37.397254943847656,-122.10227966308594,-7.923455715179443,"[0.0, 0.0, 0.0, 0.0, 0.0, 0.0, 0.0, 0.0, 0.0]",0
1479513000501305362,,92077,,1479513000,500907897,"""/imu""",,0,0,37.397254943847656,-122.10227966308594,-7.92307710647583,"[0.0, 0.0, 0.0, 0.0, 0.0, 0.0, 0.0, 0.0, 0.0]",0
1479513000501806550,,92078,,1479513000,501508951,"""/imu""",,0,0,37.397254943847656,-122.10227966308594,-7.922751426696777,"[0.0, 0.0, 0.0, 0.0, 0.0, 0.0, 0.0, 0.0, 0.0]",0
1479513000506331314,,92079,,1479513000,505944013,"""/imu""",,0,0,37.39725875854492,-122.10227966308594,-7.922428607940674,"[0.0, 0.0, 0.0, 0.0, 0.0, 0.0, 0.0, 0.0, 0.0]",0
1479513000506877433,,92080,,1479513000,506556987,"""/imu""",,0,0,37.39725875854492,-122.10227966308594,-7.9221086502075195,"[0.0, 0.0, 0.0, 0.0, 0.0, 0.0, 0.0, 0.0, 0.0]",0
1479513000511512793,,92081,,1479513000,510952949,"""/imu""",,0,0,37.39725875854492,-122.10227966308594,-7.921789169311523,"[0.0, 0.0, 0.0, 0.0, 0.0, 0.0, 0.0, 0.0, 0.0]",0
1479513000512314038,,92082,,1479513000,511868000,"""/imu""",,0,0,37.39725875854492,-122.10227966308594,-7.921474456787109,"[0.0, 0.0, 0.0, 0.0, 0.0, 0.0, 0.0, 0.0, 0.0]",0
1479513000516506349,,92083,,1479513000,515912055,"""/imu""",,0,0,37.39725875854492,-122.10227966308594,-7.921162128448486,"[0.0, 0.0, 0.0, 0.0, 0.0, 0.0, 0.0, 0.0, 0.0]",0
1479513000517015093,,92084,,1479513000,516637086,"""/imu""",,0,0,37.39725875854492,-122.10227966308594,-7.920852184295654,"[0.0, 0.0, 0.0, 0.0, 0.0, 0.0, 0.0, 0.0, 0.0]",0
1479513000521360799,,92085,,1479513000,520972013,"""/imu""",,0,0,37.39725875854492,-122.10227966308594,-7.917335033416748,"[0.0, 0.0, 0.0, 0.0, 0.0, 0.0, 0.0, 0.0, 0.0]",0
1479513000521923741,,92086,,1479513000,521581888,"""/imu""",,0,0,37.39725875854492,-122.10227966308594,-7.9170241355896,"[0.0, 0.0, 0.0, 0.0, 0.0, 0.0, 0.0, 0.0, 0.0]",0
1479513000526429679,,92087,,1479513000,526073932,"""/imu""",,0,0,37.39725875854492,-122.10227966308594,-7.916711807250977,"[0.0, 0.0, 0.0, 0.0, 0.0, 0.0, 0.0, 0.0, 0.0]",0
1479513000526927279,,92088,,1479513000,526635885,"""/imu""",,0,0,37.39725875854492,-122.10227966308594,-7.916396617889404,"[0.0, 0.0, 0.0, 0.0, 0.0, 0.0, 0.0, 0.0, 0.0]",0
1479513000531232863,,92089,,1479513000,530898094,"""/imu""",,0,0,37.39725875854492,-122.10227966308594,-7.916070461273193,"[0.0, 0.0, 0.0, 0.0, 0.0, 0.0, 0.0, 0.0, 0.0]",0
1479513000531769010,,92090,,1479513000,531476020,"""/imu""",,0,0,37.39725875854492,-122.10227966308594,-7.915745735168457,"[0.0, 0.0, 0.0, 0.0, 0.0, 0.0, 0.0, 0.0, 0.0]",0
1479513000536219786,,92091,,1479513000,535893917,"""/imu""",,0,0,37.39725875854492,-122.10227966308594,-7.9154157638549805,"[0.0, 0.0, 0.0, 0.0, 0.0, 0.0, 0.0, 0.0, 0.0]",0
1479513000536736784,,92092,,1479513000,536436080,"""/imu""",,0,0,37.39725875854492,-122.10227966308594,-7.915082931518555,"[0.0, 0.0, 0.0, 0.0, 0.0, 0.0, 0.0, 0.0, 0.0]",0
1479513000541586357,,92093,,1479513000,540925979,"""/imu""",,0,0,37.39725875854492,-122.10227966308594,-7.913665294647217,"[0.0, 0.0, 0.0, 0.0, 0.0, 0.0, 0.0, 0.0, 0.0]",0
1479513000542009765,,92094,,1479513000,541662931,"""/imu""",,0,0,37.39725875854492,-122.10227966308594,-7.913328647613525,"[0.0, 0.0, 0.0, 0.0, 0.0, 0.0, 0.0, 0.0, 0.0]",0
1479513000546586105,,92095,,1479513000,545969009,"""/imu""",,0,0,37.39725875854492,-122.10227966308594,-7.912993431091309,"[0.0, 0.0, 0.0, 0.0, 0.0, 0.0, 0.0, 0.0, 0.0]",0
1479513000547024623,,92096,,1479513000,546669006,"""/imu""",,0,0,37.39725875854492,-122.10227966308594,-7.912660598754883,"[0.0, 0.0, 0.0, 0.0, 0.0, 0.0, 0.0, 0.0, 0.0]",0
1479513000550584370,,92097,,1479513000,550173997,"""/imu""",,0,0,37.39725875854492,-122.10227966308594,-7.912335395812988,"[0.0, 0.0, 0.0, 0.0, 0.0, 0.0, 0.0, 0.0, 0.0]",0
1479513000551644213,,92098,,1479513000,551330089,"""/imu""",,0,0,37.39725875854492,-122.10227966308594,-7.912007808685303,"[0.0, 0.0, 0.0, 0.0, 0.0, 0.0, 0.0, 0.0, 0.0]",0
1479513000556164434,,92099,,1479513000,555879116,"""/imu""",,0,0,37.39725875854492,-122.10227966308594,-7.911684036254883,"[0.0, 0.0, 0.0, 0.0, 0.0, 0.0, 0.0, 0.0, 0.0]",0
1479513000556730299,,92100,,1479513000,556389093,"""/imu""",,0,0,37.39725875854492,-122.10227966308594,-7.911362648010254,"[0.0, 0.0, 0.0, 0.0, 0.0, 0.0, 0.0, 0.0, 0.0]",0
1479513000561313700,,92101,,1479513000,560888051,"""/imu""",,0,0,37.39725875854492,-122.10227966308594,-7.908903121948242,"[0.0, 0.0, 0.0, 0.0, 0.0, 0.0, 0.0, 0.0, 0.0]",0
1479513000561675011,,92102,,1479513000,561404943,"""/imu""",,0,0,37.39725875854492,-122.10227966308594,-7.908584117889404,"[0.0, 0.0, 0.0, 0.0, 0.0, 0.0, 0.0, 0.0, 0.0]",0
1479513000567323378,,92103,,1479513000,565954923,"""/imu""",,0,0,37.39725875854492,-122.10227966308594,-7.908266544342041,"[0.0, 0.0, 0.0, 0.0, 0.0, 0.0, 0.0, 0.0, 0.0]",0
1479513000567325829,,92104,,1479513000,566557884,"""/imu""",,0,0,37.39725875854492,-122.10227966308594,-7.907949447631836,"[0.0, 0.0, 0.0, 0.0, 0.0, 0.0, 0.0, 0.0, 0.0]",0
1479513000571359085,,92105,,1479513000,570956945,"""/imu""",,0,0,37.39725875854492,-122.10227966308594,-7.9044694900512695,"[0.0, 0.0, 0.0, 0.0, 0.0, 0.0, 0.0, 0.0, 0.0]",0
1479513000571963556,,92106,,1479513000,571599960,"""/imu""",,0,0,37.39725875854492,-122.10228729248047,-7.904150485992432,"[0.0, 0.0, 0.0, 0.0, 0.0, 0.0, 0.0, 0.0, 0.0]",0
1479513000576310523,,92107,,1479513000,575923919,"""/imu""",,0,0,37.39725875854492,-122.10228729248047,-7.903833866119385,"[0.0, 0.0, 0.0, 0.0, 0.0, 0.0, 0.0, 0.0, 0.0]",0
1479513000577025559,,92108,,1479513000,576570987,"""/imu""",,0,0,37.39725875854492,-122.10228729248047,-7.903520107269287,"[0.0, 0.0, 0.0, 0.0, 0.0, 0.0, 0.0, 0.0, 0.0]",0
1479513000581288173,,92109,,1479513000,580893993,"""/imu""",,0,0,37.39725875854492,-122.10228729248047,-7.902225017547607,"[0.0, 0.0, 0.0, 0.0, 0.0, 0.0, 0.0, 0.0, 0.0]",0
1479513000581743080,,92110,,1479513000,581450939,"""/imu""",,0,0,37.39725875854492,-122.10228729248047,-7.901914596557617,"[0.0, 0.0, 0.0, 0.0, 0.0, 0.0, 0.0, 0.0, 0.0]",0
1479513000586280673,,92111,,1479513000,585951089,"""/imu""",,0,0,37.39725875854492,-122.10228729248047,-7.901605129241943,"[0.0, 0.0, 0.0, 0.0, 0.0, 0.0, 0.0, 0.0, 0.0]",0
1479513000586833105,,92112,,1479513000,586510896,"""/imu""",,0,0,37.39725875854492,-122.10228729248047,-7.901296138763428,"[0.0, 0.0, 0.0, 0.0, 0.0, 0.0, 0.0, 0.0, 0.0]",0
1479513000591229898,,92113,,1479513000,590912103,"""/imu""",,0,0,37.39725875854492,-122.10228729248047,-7.9009881019592285,"[0.0, 0.0, 0.0, 0.0, 0.0, 0.0, 0.0, 0.0, 0.0]",0
1479513000591759530,,92114,,1479513000,591444015,"""/imu""",,0,0,37.39725875854492,-122.10228729248047,-7.900681018829346,"[0.0, 0.0, 0.0, 0.0, 0.0, 0.0, 0.0, 0.0, 0.0]",0
1479513000596244094,,92115,,1479513000,595891952,"""/imu""",,0,0,37.39726257324219,-122.10228729248047,-7.900373935699463,"[0.0, 0.0, 0.0, 0.0, 0.0, 0.0, 0.0, 0.0, 0.0]",0
1479513000597128361,,92116,,1479513000,596524953,"""/imu""",,0,0,37.39726257324219,-122.10228729248047,-7.900066375732422,"[0.0, 0.0, 0.0, 0.0, 0.0, 0.0, 0.0, 0.0, 0.0]",0
1479513000601296588,,92117,,1479513000,600894927,"""/imu""",,0,0,37.39726257324219,-122.10228729248047,-7.899804592132568,"[0.0, 0.0, 0.0, 0.0, 0.0, 0.0, 0.0, 0.0, 0.0]",0
1479513000601944169,,92118,,1479513000,601583003,"""/imu""",,0,0,37.39726257324219,-122.10228729248047,-7.899494171142578,"[0.0, 0.0, 0.0, 0.0, 0.0, 0.0, 0.0, 0.0, 0.0]",0
1479513000606426532,,92119,,1479513000,605979919,"""/imu""",,0,0,37.39726257324219,-122.10228729248047,-7.89918327331543,"[0.0, 0.0, 0.0, 0.0, 0.0, 0.0, 0.0, 0.0, 0.0]",0
1479513000607122322,,92120,,1479513000,606714963,"""/imu""",,0,0,37.39726257324219,-122.10228729248047,-7.898871898651123,"[0.0, 0.0, 0.0, 0.0, 0.0, 0.0, 0.0, 0.0, 0.0]",0
1479513000611925305,,92121,,1479513000,610941886,"""/imu""",,0,0,37.39726257324219,-122.10228729248047,-7.898564338684082,"[0.0, 0.0, 0.0, 0.0, 0.0, 0.0, 0.0, 0.0, 0.0]",0
1479513000612399950,,92122,,1479513000,611783027,"""/imu""",,0,0,37.39726257324219,-122.10228729248047,-7.898257732391357,"[0.0, 0.0, 0.0, 0.0, 0.0, 0.0, 0.0, 0.0, 0.0]",0
1479513000616327977,,92123,,1479513000,615928888,"""/imu""",,0,0,37.39726257324219,-122.10228729248047,-7.89795446395874,"[0.0, 0.0, 0.0, 0.0, 0.0, 0.0, 0.0, 0.0, 0.0]",0
1479513000616845512,,92124,,1479513000,616568088,"""/imu""",,0,0,37.39726257324219,-122.10228729248047,-7.897655487060547,"[0.0, 0.0, 0.0, 0.0, 0.0, 0.0, 0.0, 0.0, 0.0]",0
1479513000621343896,,92125,,1479513000,620973110,"""/imu""",,0,0,37.39726257324219,-122.10228729248047,-7.897423267364502,"[0.0, 0.0, 0.0, 0.0, 0.0, 0.0, 0.0, 0.0, 0.0]",0
1479513000621869451,,92126,,1479513000,621576070,"""/imu""",,0,0,37.39726257324219,-122.10228729248047,-7.897132873535156,"[0.0, 0.0, 0.0, 0.0, 0.0, 0.0, 0.0, 0.0, 0.0]",0
1479513000626364556,,92127,,1479513000,625998973,"""/imu""",,0,0,37.39726257324219,-122.10228729248047,-7.896846771240234,"[0.0, 0.0, 0.0, 0.0, 0.0, 0.0, 0.0, 0.0, 0.0]",0
1479513000626879839,,92128,,1479513000,626549005,"""/imu""",,0,0,37.39726257324219,-122.10228729248047,-7.89656400680542,"[0.0, 0.0, 0.0, 0.0, 0.0, 0.0, 0.0, 0.0, 0.0]",0
1479513000631281205,,92129,,1479513000,630934000,"""/imu""",,0,0,37.39726257324219,-122.10228729248047,-7.896284103393555,"[0.0, 0.0, 0.0, 0.0, 0.0, 0.0, 0.0, 0.0, 0.0]",0
1479513000631811796,,92130,,1479513000,631504058,"""/imu""",,0,0,37.39726257324219,-122.10228729248047,-7.896007061004639,"[0.0, 0.0, 0.0, 0.0, 0.0, 0.0, 0.0, 0.0, 0.0]",0
1479513000636266396,,92131,,1479513000,635912895,"""/imu""",,0,0,37.39726257324219,-122.10228729248047,-7.8957319259643555,"[0.0, 0.0, 0.0, 0.0, 0.0, 0.0, 0.0, 0.0, 0.0]",0
1479513000636911422,,92132,,1479513000,636537075,"""/imu""",,0,0,37.39726257324219,-122.10228729248047,-7.895458221435547,"[0.0, 0.0, 0.0, 0.0, 0.0, 0.0, 0.0, 0.0, 0.0]",0
1479513000641367547,,92133,,1479513000,640945911,"""/imu""",,0,0,37.39726257324219,-122.10228729248047,-7.893184185028076,"[0.0, 0.0, 0.0, 0.0, 0.0, 0.0, 0.0, 0.0, 0.0]",0
1479513000642127299,,92134,,1479513000,641711950,"""/imu""",,0,0,37.39726257324219,-122.10228729248047,-7.892911434173584,"[0.0, 0.0, 0.0, 0.0, 0.0, 0.0, 0.0, 0.0, 0.0]",0
1479513000646883056,,92135,,1479513000,646007061,"""/imu""",,0,0,37.39726257324219,-122.10228729248047,-7.892641544342041,"[0.0, 0.0, 0.0, 0.0, 0.0, 0.0, 0.0, 0.0, 0.0]",0
1479513000647553057,,92136,,1479513000,647034883,"""/imu""",,0,0,37.39726257324219,-122.10228729248047,-7.892374515533447,"[0.0, 0.0, 0.0, 0.0, 0.0, 0.0, 0.0, 0.0, 0.0]",0
1479513000651627351,,92137,,1479513000,650950908,"""/imu""",,0,0,37.39726257324219,-122.10228729248047,-7.892112731933594,"[0.0, 0.0, 0.0, 0.0, 0.0, 0.0, 0.0, 0.0, 0.0]",0
1479513000652074055,,92138,,1479513000,651698112,"""/imu""",,0,0,37.39726257324219,-122.10228729248047,-7.891852855682373,"[0.0, 0.0, 0.0, 0.0, 0.0, 0.0, 0.0, 0.0, 0.0]",0
1479513000656238650,,92139,,1479513000,655886888,"""/imu""",,0,0,37.39726257324219,-122.10228729248047,-7.891597270965576,"[0.0, 0.0, 0.0, 0.0, 0.0, 0.0, 0.0, 0.0, 0.0]",0
1479513000656866442,,92140,,1479513000,656537055,"""/imu""",,0,0,37.39726257324219,-122.102294921875,-7.891345500946045,"[0.0, 0.0, 0.0, 0.0, 0.0, 0.0, 0.0, 0.0, 0.0]",0
1479513000661323978,,92141,,1479513000,660914897,"""/imu""",,0,0,37.39726257324219,-122.102294921875,-7.8859710693359375,"[0.0, 0.0, 0.0, 0.0, 0.0, 0.0, 0.0, 0.0, 0.0]",0
1479513000661872333,,92142,,1479513000,661529064,"""/imu""",,0,0,37.39726257324219,-122.102294921875,-7.885721206665039,"[0.0, 0.0, 0.0, 0.0, 0.0, 0.0, 0.0, 0.0, 0.0]",0
1479513000666328270,,92143,,1479513000,665973901,"""/imu""",,0,0,37.39726257324219,-122.102294921875,-7.885473251342773,"[0.0, 0.0, 0.0, 0.0, 0.0, 0.0, 0.0, 0.0, 0.0]",0
1479513000666955485,,92144,,1479513000,666652917,"""/imu""",,0,0,37.39726257324219,-122.102294921875,-7.885225772857666,"[0.0, 0.0, 0.0, 0.0, 0.0, 0.0, 0.0, 0.0, 0.0]",0
1479513000671577766,,92145,,1479513000,670941114,"""/imu""",,0,0,37.39726257324219,-122.102294921875,-7.884976387023926,"[0.0, 0.0, 0.0, 0.0, 0.0, 0.0, 0.0, 0.0, 0.0]",0
1479513000672020813,,92146,,1479513000,671660900,"""/imu""",,0,0,37.39726257324219,-122.102294921875,-7.884729385375977,"[0.0, 0.0, 0.0, 0.0, 0.0, 0.0, 0.0, 0.0, 0.0]",0
1479513000676412906,,92147,,1479513000,675951957,"""/imu""",,0,0,37.39726257324219,-122.102294921875,-7.884481430053711,"[0.0, 0.0, 0.0, 0.0, 0.0, 0.0, 0.0, 0.0, 0.0]",0
1479513000676982310,,92148,,1479513000,676665067,"""/imu""",,0,0,37.39726257324219,-122.102294921875,-7.884232521057129,"[0.0, 0.0, 0.0, 0.0, 0.0, 0.0, 0.0, 0.0, 0.0]",0
1479513000681439759,,92149,,1479513000,680896043,"""/imu""",,0,0,37.39726257324219,-122.102294921875,-7.881997108459473,"[0.0, 0.0, 0.0, 0.0, 0.0, 0.0, 0.0, 0.0, 0.0]",0
1479513000681846848,,92150,,1479513000,681483983,"""/imu""",,0,0,37.39726257324219,-122.102294921875,-7.881740570068359,"[0.0, 0.0, 0.0, 0.0, 0.0, 0.0, 0.0, 0.0, 0.0]",0
1479513000686286837,,92151,,1479513000,685960054,"""/imu""",,0,0,37.39726257324219,-122.102294921875,-7.881478309631348,"[0.0, 0.0, 0.0, 0.0, 0.0, 0.0, 0.0, 0.0, 0.0]",0
1479513000686865432,,92152,,1479513000,686532020,"""/imu""",,0,0,37.39726257324219,-122.102294921875,-7.881208419799805,"[0.0, 0.0, 0.0, 0.0, 0.0, 0.0, 0.0, 0.0, 0.0]",0
1479513000691296877,,92153,,1479513000,690937042,"""/imu""",,0,0,37.39726257324219,-122.102294921875,-7.880921840667725,"[0.0, 0.0, 0.0, 0.0, 0.0, 0.0, 0.0, 0.0, 0.0]",0
1479513000691777618,,92154,,1479513000,691507101,"""/imu""",,0,0,37.39726638793945,-122.102294921875,-7.880631923675537,"[0.0, 0.0, 0.0, 0.0, 0.0, 0.0, 0.0, 0.0, 0.0]",0
1479513000696257183,,92155,,1479513000,695863962,"""/imu""",,0,0,37.39726638793945,-122.102294921875,-7.880330562591553,"[0.0, 0.0, 0.0, 0.0, 0.0, 0.0, 0.0, 0.0, 0.0]",0
1479513000696836940,,92156,,1479513000,696472883,"""/imu""",,0,0,37.39726638793945,-122.102294921875,-7.880019664764404,"[0.0, 0.0, 0.0, 0.0, 0.0, 0.0, 0.0, 0.0, 0.0]",0
1479513000701292425,,92157,,1479513000,700902938,"""/imu""",,0,0,37.39726638793945,-122.102294921875,-7.876655578613281,"[0.0, 0.0, 0.0, 0.0, 0.0, 0.0, 0.0, 0.0, 0.0]",0
1479513000701859609,,92158,,1479513000,701523065,"""/imu""",,0,0,37.39726638793945,-122.102294921875,-7.87632417678833,"[0.0, 0.0, 0.0, 0.0, 0.0, 0.0, 0.0, 0.0, 0.0]",0
1479513000706330329,,92159,,1479513000,705950021,"""/imu""",,0,0,37.39726638793945,-122.102294921875,-7.875985145568848,"[0.0, 0.0, 0.0, 0.0, 0.0, 0.0, 0.0, 0.0, 0.0]",0
1479513000707265895,,92160,,1479513000,706640005,"""/imu""",,0,0,37.39726638793945,-122.102294921875,-7.875641345977783,"[0.0, 0.0, 0.0, 0.0, 0.0, 0.0, 0.0, 0.0, 0.0]",0
1479513000711552540,,92161,,1479513000,710951089,"""/imu""",,0,0,37.39726638793945,-122.102294921875,-7.87529993057251,"[0.0, 0.0, 0.0, 0.0, 0.0, 0.0, 0.0, 0.0, 0.0]",0
1479513000712121224,,92162,,1479513000,711744070,"""/imu""",,0,0,37.39726638793945,-122.102294921875,-7.8749494552612305,"[0.0, 0.0, 0.0, 0.0, 0.0, 0.0, 0.0, 0.0, 0.0]",0
1479513000716425304,,92163,,1479513000,715956926,"""/imu""",,0,0,37.39726638793945,-122.102294921875,-7.874597549438477,"[0.0, 0.0, 0.0, 0.0, 0.0, 0.0, 0.0, 0.0, 0.0]",0
1479513000717069290,,92164,,1479513000,716708898,"""/imu""",,0,0,37.39726638793945,-122.102294921875,-7.874244689941406,"[0.0, 0.0, 0.0, 0.0, 0.0, 0.0, 0.0, 0.0, 0.0]",0
1479513000721364920,,92165,,1479513000,720959901,"""/imu""",,0,0,37.39726638793945,-122.102294921875,-7.867657661437988,"[0.0, 0.0, 0.0, 0.0, 0.0, 0.0, 0.0, 0.0, 0.0]",0
1479513000721883258,,92166,,1479513000,721554040,"""/imu""",,0,0,37.39726638793945,-122.102294921875,-7.867300033569336,"[0.0, 0.0, 0.0, 0.0, 0.0, 0.0, 0.0, 0.0, 0.0]",0
1479513000726448747,,92167,,1479513000,725950956,"""/imu""",,0,0,37.39726638793945,-122.102294921875,-7.866943359375,"[0.0, 0.0, 0.0, 0.0, 0.0, 0.0, 0.0, 0.0, 0.0]",0
1479513000726848299,,92168,,1479513000,726494073,"""/imu""",,0,0,37.39726638793945,-122.102294921875,-7.866588592529297,"[0.0, 0.0, 0.0, 0.0, 0.0, 0.0, 0.0, 0.0, 0.0]",0
1479513000731336799,,92169,,1479513000,730942010,"""/imu""",,0,0,37.39726638793945,-122.102294921875,-7.866238117218018,"[0.0, 0.0, 0.0, 0.0, 0.0, 0.0, 0.0, 0.0, 0.0]",0
1479513000732125665,,92170,,1479513000,731586933,"""/imu""",,0,0,37.39726638793945,-122.102294921875,-7.86588716506958,"[0.0, 0.0, 0.0, 0.0, 0.0, 0.0, 0.0, 0.0, 0.0]",0
1479513000736394955,,92171,,1479513000,735914945,"""/imu""",,0,0,37.39726638793945,-122.102294921875,-7.865538120269775,"[0.0, 0.0, 0.0, 0.0, 0.0, 0.0, 0.0, 0.0, 0.0]",0
1479513000737295817,,92172,,1479513000,736668109,"""/imu""",,0,0,37.39726638793945,-122.102294921875,-7.865192413330078,"[0.0, 0.0, 0.0, 0.0, 0.0, 0.0, 0.0, 0.0, 0.0]",0
1479513000741546124,,92173,,1479513000,740896940,"""/imu""",,0,0,37.39726638793945,-122.10230255126953,-7.860748767852783,"[0.0, 0.0, 0.0, 0.0, 0.0, 0.0, 0.0, 0.0, 0.0]",0
1479513000741984086,,92174,,1479513000,741646051,"""/imu""",,0,0,37.39726638793945,-122.10230255126953,-7.860403060913086,"[0.0, 0.0, 0.0, 0.0, 0.0, 0.0, 0.0, 0.0, 0.0]",0
1479513000746459917,,92175,,1479513000,745990991,"""/imu""",,0,0,37.39726638793945,-122.10230255126953,-7.860058307647705,"[0.0, 0.0, 0.0, 0.0, 0.0, 0.0, 0.0, 0.0, 0.0]",0
1479513000747065511,,92176,,1479513000,746709108,"""/imu""",,0,0,37.39726638793945,-122.10230255126953,-7.859713077545166,"[0.0, 0.0, 0.0, 0.0, 0.0, 0.0, 0.0, 0.0, 0.0]",0
1479513000751711496,,92177,,1479513000,750909090,"""/imu""",,0,0,37.39726638793945,-122.10230255126953,-7.859358787536621,"[0.0, 0.0, 0.0, 0.0, 0.0, 0.0, 0.0, 0.0, 0.0]",0
1479513000752102415,,92178,,1479513000,751769065,"""/imu""",,0,0,37.39726638793945,-122.10230255126953,-7.859008312225342,"[0.0, 0.0, 0.0, 0.0, 0.0, 0.0, 0.0, 0.0, 0.0]",0
1479513000756423749,,92179,,1479513000,755899906,"""/imu""",,0,0,37.39726638793945,-122.10230255126953,-7.8586530685424805,"[0.0, 0.0, 0.0, 0.0, 0.0, 0.0, 0.0, 0.0, 0.0]",0
1479513000756845842,,92180,,1479513000,756510972,"""/imu""",,0,0,37.39726638793945,-122.10230255126953,-7.858291149139404,"[0.0, 0.0, 0.0, 0.0, 0.0, 0.0, 0.0, 0.0, 0.0]",0
1479513000761288314,,92181,,1479513000,760874986,"""/imu""",,0,0,37.39726638793945,-122.10230255126953,-7.855983734130859,"[0.0, 0.0, 0.0, 0.0, 0.0, 0.0, 0.0, 0.0, 0.0]",0
1479513000762005571,,92182,,1479513000,761538028,"""/imu""",,0,0,37.39726638793945,-122.10230255126953,-7.855602741241455,"[0.0, 0.0, 0.0, 0.0, 0.0, 0.0, 0.0, 0.0, 0.0]",0
1479513000766497646,,92183,,1479513000,766004085,"""/imu""",,0,0,37.39726638793945,-122.10230255126953,-7.855212688446045,"[0.0, 0.0, 0.0, 0.0, 0.0, 0.0, 0.0, 0.0, 0.0]",0
1479513000767175036,,92184,,1479513000,766741991,"""/imu""",,0,0,37.39726638793945,-122.10230255126953,-7.854814052581787,"[0.0, 0.0, 0.0, 0.0, 0.0, 0.0, 0.0, 0.0, 0.0]",0
1479513000771396079,,92185,,1479513000,770945072,"""/imu""",,0,0,37.39726638793945,-122.10230255126953,-7.854406356811523,"[0.0, 0.0, 0.0, 0.0, 0.0, 0.0, 0.0, 0.0, 0.0]",0
1479513000772023762,,92186,,1479513000,771713972,"""/imu""",,0,0,37.39726638793945,-122.10230255126953,-7.853992938995361,"[0.0, 0.0, 0.0, 0.0, 0.0, 0.0, 0.0, 0.0, 0.0]",0
1479513000776255160,,92187,,1479513000,775898933,"""/imu""",,0,0,37.39726638793945,-122.10230255126953,-7.853573322296143,"[0.0, 0.0, 0.0, 0.0, 0.0, 0.0, 0.0, 0.0, 0.0]",0
1479513000776847617,,92188,,1479513000,776482105,"""/imu""",,0,0,37.39726638793945,-122.10230255126953,-7.853148460388184,"[0.0, 0.0, 0.0, 0.0, 0.0, 0.0, 0.0, 0.0, 0.0]",0
1479513000781369287,,92189,,1479513000,780920982,"""/imu""",,0,0,37.39726638793945,-122.10230255126953,-7.849702835083008,"[0.0, 0.0, 0.0, 0.0, 0.0, 0.0, 0.0, 0.0, 0.0]",0
1479513000782075385,,92190,,1479513000,781622886,"""/imu""",,0,0,37.39726638793945,-122.10230255126953,-7.849266052246094,"[0.0, 0.0, 0.0, 0.0, 0.0, 0.0, 0.0, 0.0, 0.0]",0
1479513000786362028,,92191,,1479513000,785975933,"""/imu""",,0,0,37.39726638793945,-122.10230255126953,-7.848825454711914,"[0.0, 0.0, 0.0, 0.0, 0.0, 0.0, 0.0, 0.0, 0.0]",0
1479513000786896250,,92192,,1479513000,786552906,"""/imu""",,0,0,37.39726638793945,-122.10230255126953,-7.848381996154785,"[0.0, 0.0, 0.0, 0.0, 0.0, 0.0, 0.0, 0.0, 0.0]",0
1479513000791318594,,92193,,1479513000,790904998,"""/imu""",,0,0,37.39726638793945,-122.10230255126953,-7.847939968109131,"[0.0, 0.0, 0.0, 0.0, 0.0, 0.0, 0.0, 0.0, 0.0]",0
1479513000791847040,,92194,,1479513000,791495084,"""/imu""",,0,0,37.39727020263672,-122.10230255126953,-7.847493648529053,"[0.0, 0.0, 0.0, 0.0, 0.0, 0.0, 0.0, 0.0, 0.0]",0
1479513000796275818,,92195,,1479513000,795902013,"""/imu""",,0,0,37.39727020263672,-122.10230255126953,-7.847046852111816,"[0.0, 0.0, 0.0, 0.0, 0.0, 0.0, 0.0, 0.0, 0.0]",0
1479513000796989422,,92196,,1479513000,796478986,"""/imu""",,0,0,37.39727020263672,-122.10230255126953,-7.846600532531738,"[0.0, 0.0, 0.0, 0.0, 0.0, 0.0, 0.0, 0.0, 0.0]",0
1479513000801516291,,92197,,1479513000,800906896,"""/imu""",,0,0,37.39727020263672,-122.10230255126953,-7.84314489364624,"[0.0, 0.0, 0.0, 0.0, 0.0, 0.0, 0.0, 0.0, 0.0]",0
1479513000801891402,,92198,,1479513000,801574945,"""/imu""",,0,0,37.39727020263672,-122.10230255126953,-7.84269905090332,"[0.0, 0.0, 0.0, 0.0, 0.0, 0.0, 0.0, 0.0, 0.0]",0
1479513000806369546,,92199,,1479513000,805957078,"""/imu""",,0,0,37.39727020263672,-122.10230255126953,-7.842254638671875,"[0.0, 0.0, 0.0, 0.0, 0.0, 0.0, 0.0, 0.0, 0.0]",0
1479513000807123835,,92200,,1479513000,806751966,"""/imu""",,0,0,37.39727020263672,-122.10230255126953,-7.841810703277588,"[0.0, 0.0, 0.0, 0.0, 0.0, 0.0, 0.0, 0.0, 0.0]",0
1479513000813106640,,92201,,1479513000,810916900,"""/imu""",,0,0,37.39727020263672,-122.10230255126953,-7.841370105743408,"[0.0, 0.0, 0.0, 0.0, 0.0, 0.0, 0.0, 0.0, 0.0]",0
1479513000813111953,,92202,,1479513000,811604022,"""/imu""",,0,0,37.39727020263672,-122.10230255126953,-7.8409295082092285,"[0.0, 0.0, 0.0, 0.0, 0.0, 0.0, 0.0, 0.0, 0.0]",0
1479513000816446921,,92203,,1479513000,815970897,"""/imu""",,0,0,37.39727020263672,-122.10230255126953,-7.840488910675049,"[0.0, 0.0, 0.0, 0.0, 0.0, 0.0, 0.0, 0.0, 0.0]",0
1479513000817216903,,92204,,1479513000,816819906,"""/imu""",,0,0,37.39727020263672,-122.10230255126953,-7.840049743652344,"[0.0, 0.0, 0.0, 0.0, 0.0, 0.0, 0.0, 0.0, 0.0]",0
1479513000821363632,,92205,,1479513000,820988893,"""/imu""",,0,0,37.39727020263672,-122.10230255126953,-7.843291759490967,"[0.0, 0.0, 0.0, 0.0, 0.0, 0.0, 0.0, 0.0, 0.0]",0
1479513000821991724,,92206,,1479513000,821605920,"""/imu""",,0,0,37.39727020263672,-122.10230255126953,-7.84287691116333,"[0.0, 0.0, 0.0, 0.0, 0.0, 0.0, 0.0, 0.0, 0.0]",0
1479513000826266019,,92207,,1479513000,825932979,"""/imu""",,0,0,37.39727020263672,-122.10231018066406,-7.842461585998535,"[0.0, 0.0, 0.0, 0.0, 0.0, 0.0, 0.0, 0.0, 0.0]",0
1479513000826868320,,92208,,1479513000,826529026,"""/imu""",,0,0,37.39727020263672,-122.10231018066406,-7.842045307159424,"[0.0, 0.0, 0.0, 0.0, 0.0, 0.0, 0.0, 0.0, 0.0]",0
1479513000831281247,,92209,,1479513000,830902099,"""/imu""",,0,0,37.39727020263672,-122.10231018066406,-7.839837074279785,"[0.0, 0.0, 0.0, 0.0, 0.0, 0.0, 0.0, 0.0, 0.0]",0
1479513000831780536,,92210,,1479513000,831470966,"""/imu""",,0,0,37.39727020263672,-122.10231018066406,-7.83941650390625,"[0.0, 0.0, 0.0, 0.0, 0.0, 0.0, 0.0, 0.0, 0.0]",0
1479513000836375978,,92211,,1479513000,835907936,"""/imu""",,0,0,37.39727020263672,-122.10231018066406,-7.83899450302124,"[0.0, 0.0, 0.0, 0.0, 0.0, 0.0, 0.0, 0.0, 0.0]",0
1479513000836995874,,92212,,1479513000,836612939,"""/imu""",,0,0,37.39727020263672,-122.10231018066406,-7.8385725021362305,"[0.0, 0.0, 0.0, 0.0, 0.0, 0.0, 0.0, 0.0, 0.0]",0
1479513000841368796,,92213,,1479513000,840922117,"""/imu""",,0,0,37.39727020263672,-122.10231018066406,-7.837414741516113,"[0.0, 0.0, 0.0, 0.0, 0.0, 0.0, 0.0, 0.0, 0.0]",0
1479513000841901730,,92214,,1479513000,841584920,"""/imu""",,0,0,37.39727020263672,-122.10231018066406,-7.836997032165527,"[0.0, 0.0, 0.0, 0.0, 0.0, 0.0, 0.0, 0.0, 0.0]",0
1479513000846543560,,92215,,1479513000,845951080,"""/imu""",,0,0,37.39727020263672,-122.10231018066406,-7.836584091186523,"[0.0, 0.0, 0.0, 0.0, 0.0, 0.0, 0.0, 0.0, 0.0]",0
1479513000847122394,,92216,,1479513000,846731901,"""/imu""",,0,0,37.39727020263672,-122.10231018066406,-7.836175441741943,"[0.0, 0.0, 0.0, 0.0, 0.0, 0.0, 0.0, 0.0, 0.0]",0
1479513000851344497,,92217,,1479513000,850918054,"""/imu""",,0,0,37.39727020263672,-122.10231018066406,-7.8357768058776855,"[0.0, 0.0, 0.0, 0.0, 0.0, 0.0, 0.0, 0.0, 0.0]",0
1479513000851894220,,92218,,1479513000,851586103,"""/imu""",,0,0,37.39727020263672,-122.10231018066406,-7.835376739501953,"[0.0, 0.0, 0.0, 0.0, 0.0, 0.0, 0.0, 0.0, 0.0]",0
1479513000856240318,,92219,,1479513000,855885982,"""/imu""",,0,0,37.39727020263672,-122.10231018066406,-7.8349785804748535,"[0.0, 0.0, 0.0, 0.0, 0.0, 0.0, 0.0, 0.0, 0.0]",0
1479513000856801143,,92220,,1479513000,856473922,"""/imu""",,0,0,37.39727020263672,-122.10231018066406,-7.8345818519592285,"[0.0, 0.0, 0.0, 0.0, 0.0, 0.0, 0.0, 0.0, 0.0]",0
1479513000861370580,,92221,,1479513000,860905885,"""/imu""",,0,0,37.39727020263672,-122.10231018066406,-7.830304145812988,"[0.0, 0.0, 0.0, 0.0, 0.0, 0.0, 0.0, 0.0, 0.0]",0
1479513000861979365,,92222,,1479513000,861610889,"""/imu""",,0,0,37.39727020263672,-122.10231018066406,-7.829904556274414,"[0.0, 0.0, 0.0, 0.0, 0.0, 0.0, 0.0, 0.0, 0.0]",0
1479513000866349594,,92223,,1479513000,865958929,"""/imu""",,0,0,37.39727020263672,-122.10231018066406,-7.829503059387207,"[0.0, 0.0, 0.0, 0.0, 0.0, 0.0, 0.0, 0.0, 0.0]",0
1479513000866973007,,92224,,1479513000,866622924,"""/imu""",,0,0,37.39727020263672,-122.10231018066406,-7.829100608825684,"[0.0, 0.0, 0.0, 0.0, 0.0, 0.0, 0.0, 0.0, 0.0]",0
1479513000871788922,,92225,,1479513000,871114015,"""/imu""",,0,0,37.39727020263672,-122.10231018066406,-7.828691005706787,"[0.0, 0.0, 0.0, 0.0, 0.0, 0.0, 0.0, 0.0, 0.0]",0
1479513000872304154,,92226,,1479513000,871875047,"""/imu""",,0,0,37.39727020263672,-122.10231018066406,-7.828285217285156,"[0.0, 0.0, 0.0, 0.0, 0.0, 0.0, 0.0, 0.0, 0.0]",0
1479513000876430058,,92227,,1479513000,875900983,"""/imu""",,0,0,37.39727020263672,-122.10231018066406,-7.827877521514893,"[0.0, 0.0, 0.0, 0.0, 0.0, 0.0, 0.0, 0.0, 0.0]",0
1479513000876899818,,92228,,1479513000,876595020,"""/imu""",,0,0,37.39727020263672,-122.10231018066406,-7.827467918395996,"[0.0, 0.0, 0.0, 0.0, 0.0, 0.0, 0.0, 0.0, 0.0]",0
1479513000881265272,,92229,,1479513000,880892038,"""/imu""",,0,0,37.39727020263672,-122.10231018066406,-7.823182582855225,"[0.0, 0.0, 0.0, 0.0, 0.0, 0.0, 0.0, 0.0, 0.0]",0
1479513000881966365,,92230,,1479513000,881500005,"""/imu""",,0,0,37.39727020263672,-122.10231018066406,-7.82276725769043,"[0.0, 0.0, 0.0, 0.0, 0.0, 0.0, 0.0, 0.0, 0.0]",0
1479513000886304753,,92231,,1479513000,885931015,"""/imu""",,0,0,37.39727020263672,-122.10231018066406,-7.822351455688477,"[0.0, 0.0, 0.0, 0.0, 0.0, 0.0, 0.0, 0.0, 0.0]",0
1479513000887051660,,92232,,1479513000,886524915,"""/imu""",,0,0,37.39727020263672,-122.10231018066406,-7.82193660736084,"[0.0, 0.0, 0.0, 0.0, 0.0, 0.0, 0.0, 0.0, 0.0]",0
1479513000891229475,,92233,,1479513000,890882968,"""/imu""",,0,0,37.39727020263672,-122.10231018066406,-7.821527004241943,"[0.0, 0.0, 0.0, 0.0, 0.0, 0.0, 0.0, 0.0, 0.0]",0
1479513000891859725,,92234,,1479513000,891477108,"""/imu""",,0,0,37.397274017333984,-122.10231018066406,-7.821116924285889,"[0.0, 0.0, 0.0, 0.0, 0.0, 0.0, 0.0, 0.0, 0.0]",0
1479513000896227841,,92235,,1479513000,895900011,"""/imu""",,0,0,37.397274017333984,-122.10231018066406,-7.8207106590271,"[0.0, 0.0, 0.0, 0.0, 0.0, 0.0, 0.0, 0.0, 0.0]",0
1479513000896868679,,92236,,1479513000,896536111,"""/imu""",,0,0,37.397274017333984,-122.10231018066406,-7.820308685302734,"[0.0, 0.0, 0.0, 0.0, 0.0, 0.0, 0.0, 0.0, 0.0]",0
1479513000901456366,,92237,,1479513000,900881052,"""/imu""",,0,0,37.397274017333984,-122.10231018066406,-7.818180561065674,"[0.0, 0.0, 0.0, 0.0, 0.0, 0.0, 0.0, 0.0, 0.0]",0
1479513000902044592,,92238,,1479513000,901701927,"""/imu""",,0,0,37.397274017333984,-122.10231018066406,-7.817786693572998,"[0.0, 0.0, 0.0, 0.0, 0.0, 0.0, 0.0, 0.0, 0.0]",0
1479513000906382564,,92239,,1479513000,905978918,"""/imu""",,0,0,37.397274017333984,-122.10231018066406,-7.817396640777588,"[0.0, 0.0, 0.0, 0.0, 0.0, 0.0, 0.0, 0.0, 0.0]",0
1479513000907071955,,92240,,1479513000,906639099,"""/imu""",,0,0,37.397274017333984,-122.1023178100586,-7.817009925842285,"[0.0, 0.0, 0.0, 0.0, 0.0, 0.0, 0.0, 0.0, 0.0]",0
1479513000911414496,,92241,,1479513000,910912036,"""/imu""",,0,0,37.397274017333984,-122.1023178100586,-7.81662130355835,"[0.0, 0.0, 0.0, 0.0, 0.0, 0.0, 0.0, 0.0, 0.0]",0
1479513000911919375,,92242,,1479513000,911603927,"""/imu""",,0,0,37.397274017333984,-122.1023178100586,-7.816239356994629,"[0.0, 0.0, 0.0, 0.0, 0.0, 0.0, 0.0, 0.0, 0.0]",0
1479513000916459507,,92243,,1479513000,915966987,"""/imu""",,0,0,37.397274017333984,-122.1023178100586,-7.815859317779541,"[0.0, 0.0, 0.0, 0.0, 0.0, 0.0, 0.0, 0.0, 0.0]",0
1479513000916963383,,92244,,1479513000,916646957,"""/imu""",,0,0,37.397274017333984,-122.1023178100586,-7.815481185913086,"[0.0, 0.0, 0.0, 0.0, 0.0, 0.0, 0.0, 0.0, 0.0]",0
1479513000921529573,,92245,,1479513000,921001911,"""/imu""",,0,0,37.397274017333984,-122.1023178100586,-7.810158729553223,"[0.0, 0.0, 0.0, 0.0, 0.0, 0.0, 0.0, 0.0, 0.0]",0
1479513000921974946,,92246,,1479513000,921633958,"""/imu""",,0,0,37.397274017333984,-122.1023178100586,-7.809777736663818,"[0.0, 0.0, 0.0, 0.0, 0.0, 0.0, 0.0, 0.0, 0.0]",0
1479513000926393411,,92247,,1479513000,925996065,"""/imu""",,0,0,37.397274017333984,-122.1023178100586,-7.809395790100098,"[0.0, 0.0, 0.0, 0.0, 0.0, 0.0, 0.0, 0.0, 0.0]",0
1479513000927034270,,92248,,1479513000,926546096,"""/imu""",,0,0,37.397274017333984,-122.1023178100586,-7.809012413024902,"[0.0, 0.0, 0.0, 0.0, 0.0, 0.0, 0.0, 0.0, 0.0]",0
1479513000931425873,,92249,,1479513000,930877923,"""/imu""",,0,0,37.397274017333984,-122.1023178100586,-7.808623313903809,"[0.0, 0.0, 0.0, 0.0, 0.0, 0.0, 0.0, 0.0, 0.0]",0
1479513000931836148,,92250,,1479513000,931482076,"""/imu""",,0,0,37.397274017333984,-122.1023178100586,-7.8082356452941895,"[0.0, 0.0, 0.0, 0.0, 0.0, 0.0, 0.0, 0.0, 0.0]",0
1479513000937056018,,92251,,1479513000,935878038,"""/imu""",,0,0,37.397274017333984,-122.1023178100586,-7.807847023010254,"[0.0, 0.0, 0.0, 0.0, 0.0, 0.0, 0.0, 0.0, 0.0]",0
1479513000937082288,,92252,,1479513000,936557054,"""/imu""",,0,0,37.397274017333984,-122.1023178100586,-7.807457447052002,"[0.0, 0.0, 0.0, 0.0, 0.0, 0.0, 0.0, 0.0, 0.0]",0
1479513000941372842,,92253,,1479513000,940917968,"""/imu""",,0,0,37.397274017333984,-122.1023178100586,-7.803197383880615,"[0.0, 0.0, 0.0, 0.0, 0.0, 0.0, 0.0, 0.0, 0.0]",0
1479513000942147076,,92254,,1479513000,941709041,"""/imu""",,0,0,37.397274017333984,-122.1023178100586,-7.802804946899414,"[0.0, 0.0, 0.0, 0.0, 0.0, 0.0, 0.0, 0.0, 0.0]",0
1479513000946394481,,92255,,1479513000,945974111,"""/imu""",,0,0,37.397274017333984,-122.1023178100586,-7.8024139404296875,"[0.0, 0.0, 0.0, 0.0, 0.0, 0.0, 0.0, 0.0, 0.0]",0
1479513000946960607,,92256,,1479513000,946645021,"""/imu""",,0,0,37.397274017333984,-122.1023178100586,-7.802024841308594,"[0.0, 0.0, 0.0, 0.0, 0.0, 0.0, 0.0, 0.0, 0.0]",0
1479513000951320106,,92257,,1479513000,950927972,"""/imu""",,0,0,37.397274017333984,-122.1023178100586,-7.801642894744873,"[0.0, 0.0, 0.0, 0.0, 0.0, 0.0, 0.0, 0.0, 0.0]",0
1479513000951883077,,92258,,1479513000,951572895,"""/imu""",,0,0,37.397274017333984,-122.1023178100586,-7.801260948181152,"[0.0, 0.0, 0.0, 0.0, 0.0, 0.0, 0.0, 0.0, 0.0]",0
1479513000956210827,,92259,,1479513000,955889940,"""/imu""",,0,0,37.397274017333984,-122.1023178100586,-7.800883769989014,"[0.0, 0.0, 0.0, 0.0, 0.0, 0.0, 0.0, 0.0, 0.0]",0
1479513000956776423,,92260,,1479513000,956459999,"""/imu""",,0,0,37.397274017333984,-122.1023178100586,-7.800512313842773,"[0.0, 0.0, 0.0, 0.0, 0.0, 0.0, 0.0, 0.0, 0.0]",0
1479513000961500057,,92261,,1479513000,960912942,"""/imu""",,0,0,37.397274017333984,-122.1023178100586,-7.797372817993164,"[0.0, 0.0, 0.0, 0.0, 0.0, 0.0, 0.0, 0.0, 0.0]",0
1479513000962359730,,92262,,1479513000,961556911,"""/imu""",,0,0,37.397274017333984,-122.1023178100586,-7.7970123291015625,"[0.0, 0.0, 0.0, 0.0, 0.0, 0.0, 0.0, 0.0, 0.0]",0
1479513000966368643,,92263,,1479513000,965951919,"""/imu""",,0,0,37.397274017333984,-122.1023178100586,-7.796659469604492,"[0.0, 0.0, 0.0, 0.0, 0.0, 0.0, 0.0, 0.0, 0.0]",0
1479513000967089771,,92264,,1479513000,966625928,"""/imu""",,0,0,37.397274017333984,-122.1023178100586,-7.796314716339111,"[0.0, 0.0, 0.0, 0.0, 0.0, 0.0, 0.0, 0.0, 0.0]",0
1479513000971403202,,92265,,1479513000,970971107,"""/imu""",,0,0,37.397274017333984,-122.1023178100586,-7.79597806930542,"[0.0, 0.0, 0.0, 0.0, 0.0, 0.0, 0.0, 0.0, 0.0]",0
1479513000972205424,,92266,,1479513000,971831083,"""/imu""",,0,0,37.397274017333984,-122.1023178100586,-7.795647621154785,"[0.0, 0.0, 0.0, 0.0, 0.0, 0.0, 0.0, 0.0, 0.0]",0
1479513000976401777,,92267,,1479513000,975862026,"""/imu""",,0,0,37.397274017333984,-122.1023178100586,-7.795321464538574,"[0.0, 0.0, 0.0, 0.0, 0.0, 0.0, 0.0, 0.0, 0.0]",0
1479513000976804334,,92268,,1479513000,976486921,"""/imu""",,0,0,37.397274017333984,-122.1023178100586,-7.794998645782471,"[0.0, 0.0, 0.0, 0.0, 0.0, 0.0, 0.0, 0.0, 0.0]",0
1479513000981256263,,92269,,1479513000,980914115,"""/imu""",,0,0,37.397274017333984,-122.1023178100586,-7.7918925285339355,"[0.0, 0.0, 0.0, 0.0, 0.0, 0.0, 0.0, 0.0, 0.0]",0
1479513000981789307,,92270,,1479513000,981498956,"""/imu""",,0,0,37.397274017333984,-122.1023178100586,-7.791566371917725,"[0.0, 0.0, 0.0, 0.0, 0.0, 0.0, 0.0, 0.0, 0.0]",0
1479513000986456477,,92271,,1479513000,985959053,"""/imu""",,0,0,37.397274017333984,-122.1023178100586,-7.7912373542785645,"[0.0, 0.0, 0.0, 0.0, 0.0, 0.0, 0.0, 0.0, 0.0]",0
1479513000986932726,,92272,,1479513000,986502885,"""/imu""",,0,0,37.397274017333984,-122.1023178100586,-7.790903568267822,"[0.0, 0.0, 0.0, 0.0, 0.0, 0.0, 0.0, 0.0, 0.0]",0
1479513000991265108,,92273,,1479513000,990873098,"""/imu""",,0,0,37.39727783203125,-122.1023178100586,-7.790555000305176,"[0.0, 0.0, 0.0, 0.0, 0.0, 0.0, 0.0, 0.0, 0.0]",0
1479513000991848327,,92274,,1479513000,991482973,"""/imu""",,0,0,37.39727783203125,-122.10232543945312,-7.790210723876953,"[0.0, 0.0, 0.0, 0.0, 0.0, 0.0, 0.0, 0.0, 0.0]",0
1479513000996197796,,92275,,1479513000,995874881,"""/imu""",,0,0,37.39727783203125,-122.10232543945312,-7.789861679077148,"[0.0, 0.0, 0.0, 0.0, 0.0, 0.0, 0.0, 0.0, 0.0]",0
1479513000996712629,,92276,,1479513000,996432065,"""/imu""",,0,0,37.39727783203125,-122.10232543945312,-7.7895097732543945,"[0.0, 0.0, 0.0, 0.0, 0.0, 0.0, 0.0, 0.0, 0.0]",0
