rosbagTimestamp,header,seq,stamp,secs,nsecs,frame_id,msg,data,id,extended,dlc
1479513000000438090,,256742,,1479513000,373124,'',,"[12, 0, 0, 0, 0, 0, 0, 0]",103,False,1
1479513000001953538,,256743,,1479513000,1915000,'',,"[190, 37, 0, 0, 190, 37, 0, 128]",97,False,8
1479513000004770166,,256744,,1479513000,4729271,'',,"[184, 255, 69, 0, 0, 0, 0, 0]",108,False,4
1479513000005025224,,256745,,1479513000,4984565,'',,"[17, 0, 243, 255, 203, 3, 0, 0]",107,False,6
1479513000005421608,,256746,,1479513000,5381792,'',,"[139, 42, 0, 0, 139, 42, 0, 128]",99,False,8
1479513000005990215,,256747,,1479513000,5944712,'',,"[111, 19, 26, 0, 255, 0, 0, 0]",117,False,8
1479513000008975844,,256748,,1479513000,8906172,'',,"[0, 0, 0, 16, 15, 0, 0, 168]",116,False,8
1479513000010569782,,256749,,1479513000,10510562,'',,"[0, 1, 0, 192, 3, 0, 0, 0]",105,False,5
1479513000010786455,,256750,,1479513000,10741576,'',,"[215, 10, 225, 10, 205, 10, 219, 10]",106,False,8
1479513000015620263,,256751,,1479513000,15554312,'',,"[33, 0, 0, 0, 242, 12, 250, 128]",101,False,8
1479513000015836350,,256752,,1479513000,15791524,'',,"[205, 255, 70, 0, 0, 0, 0, 0]",108,False,4
1479513000016055629,,256753,,1479513000,15987231,'',,"[13, 0, 244, 255, 223, 3, 0, 0]",107,False,6
1479513000016342926,,256754,,1479513000,16278175,'',,"[111, 19, 26, 0, 255, 0, 0, 0]",117,False,8
1479513000016560309,,256755,,1479513000,16504870,'',,"[3, 254, 59, 254, 15, 254, 129, 0]",112,False,8
1479513000018470805,,256756,,1479513000,18418141,'',,"[214, 10, 222, 10, 209, 10, 211, 10]",106,False,8
1479513000021959868,,256757,,1479513000,21911534,'',,"[174, 37, 0, 0, 174, 37, 0, 128]",97,False,8
1479513000024913638,,256758,,1479513000,24816515,'',,"[225, 255, 70, 0, 0, 0, 0, 0]",108,False,4
1479513000025178431,,256759,,1479513000,25081438,'',,"[9, 0, 249, 255, 213, 3, 0, 0]",107,False,6
1479513000025708730,,256760,,1479513000,25502654,'',,"[155, 42, 0, 0, 155, 42, 0, 128]",99,False,8
1479513000027412355,,256761,,1479513000,27369570,'',,"[37, 19, 26, 0, 0, 0, 0, 0]",117,False,8
1479513000028933885,,256762,,1479513000,28862109,'',,"[0, 0, 0, 16, 15, 0, 0, 168]",116,False,8
1479513000030632914,,256763,,1479513000,30568514,'',,"[216, 10, 225, 10, 205, 10, 210, 10]",106,False,8
1479513000034864113,,256764,,1479513000,34818614,'',,"[236, 255, 68, 0, 0, 0, 0, 0]",108,False,4
1479513000035110686,,256765,,1479513000,35080642,'',,"[10, 0, 253, 255, 233, 3, 0, 0]",107,False,6
1479513000035372288,,256766,,1479513000,35338343,'',,"[2, 19, 26, 0, 0, 0, 0, 0]",117,False,8
1479513000035632494,,256767,,1479513000,35602530,'',,"[32, 0, 0, 0, 242, 12, 249, 128]",101,False,8
1479513000036454284,,256768,,1479513000,36413636,'',,"[3, 254, 59, 254, 15, 254, 129, 0]",112,False,8
1479513000038481498,,256769,,1479513000,38423196,'',,"[215, 10, 218, 10, 200, 10, 217, 10]",106,False,8
1479513000042002943,,256770,,1479513000,41961025,'',,"[126, 37, 0, 0, 126, 37, 0, 128]",97,False,8
1479513000044891175,,256771,,1479513000,44825031,'',,"[242, 255, 61, 0, 0, 0, 0, 0]",108,False,4
1479513000045103638,,256772,,1479513000,45068938,'',,"[11, 0, 251, 255, 252, 3, 0, 0]",107,False,6
1479513000045476676,,256773,,1479513000,45426465,'',,"[203, 42, 0, 0, 203, 42, 0, 128]",99,False,8
1479513000046214409,,256774,,1479513000,46149085,'',,"[2, 19, 26, 0, 0, 0, 0, 0]",117,False,8
1479513000048974696,,256775,,1479513000,48908994,'',,"[0, 0, 0, 16, 15, 0, 0, 168]",116,False,8
1479513000050518966,,256776,,1479513000,50466751,'',,"[12, 0, 0, 0, 0, 0, 0, 0]",103,False,1
1479513000050769100,,256777,,1479513000,50738477,'',,"[215, 10, 217, 10, 206, 10, 214, 10]",106,False,8
1479513000054962987,,256778,,1479513000,54909938,'',,"[249, 255, 56, 0, 0, 0, 0, 0]",108,False,4
1479513000055236509,,256779,,1479513000,55195030,'',,"[199, 18, 26, 0, 0, 0, 0, 0]",117,False,8
1479513000055454474,,256780,,1479513000,55413199,'',,"[12, 0, 247, 255, 223, 3, 0, 0]",107,False,6
1479513000055711164,,256781,,1479513000,55670943,'',,"[29, 0, 0, 0, 243, 12, 248, 128]",101,False,8
1479513000056430097,,256782,,1479513000,56383482,'',,"[3, 254, 59, 254, 15, 254, 129, 0]",112,False,8
1479513000058451938,,256783,,1479513000,58413370,'',,"[215, 10, 215, 10, 197, 10, 210, 10]",106,False,8
1479513000060632673,,256784,,1479513000,60589433,'',,"[0, 1, 0, 192, 3, 0, 0, 0]",105,False,5
1479513000062104175,,256785,,1479513000,62067093,'',,"[191, 37, 0, 0, 191, 37, 0, 128]",97,False,8
1479513000065014309,,256786,,1479513000,64930217,'',,"[0, 0, 57, 0, 0, 0, 0, 0]",108,False,4
1479513000065280099,,256787,,1479513000,65214236,'',,"[12, 0, 245, 255, 213, 3, 0, 0]",107,False,6
1479513000065525574,,256788,,1479513000,65482642,'',,"[139, 42, 0, 0, 139, 42, 0, 128]",99,False,8
1479513000065988487,,256789,,1479513000,65942861,'',,"[114, 18, 26, 0, 0, 0, 0, 0]",117,False,8
1479513000069007130,,256790,,1479513000,68939560,'',,"[0, 0, 0, 16, 15, 0, 0, 168]",116,False,8
1479513000070881002,,256791,,1479513000,70836586,'',,"[214, 10, 214, 10, 203, 10, 212, 10]",106,False,8
1479513000075000736,,256792,,1479513000,74959217,'',,"[3, 0, 61, 0, 0, 0, 0, 0]",108,False,4
1479513000075254241,,256793,,1479513000,75216751,'',,"[10, 0, 244, 255, 193, 3, 0, 0]",107,False,6
1479513000075534722,,256794,,1479513000,75468906,'',,"[114, 18, 26, 0, 0, 0, 0, 0]",117,False,8
1479513000075784411,,256795,,1479513000,75722988,'',,"[27, 0, 0, 0, 243, 12, 248, 128]",101,False,8
1479513000076423998,,256796,,1479513000,76373271,'',,"[3, 254, 59, 254, 15, 254, 129, 0]",112,False,8
1479513000078554253,,256797,,1479513000,78497470,'',,"[216, 10, 217, 10, 202, 10, 214, 10]",106,False,8
1479513000081291715,,256798,,1479513000,81244136,'',,"[143, 3, 0, 0, 0, 0, 0, 0]",114,False,2
1479513000082117209,,256799,,1479513000,82083173,'',,"[192, 37, 0, 0, 192, 37, 0, 128]",97,False,8
1479513000084978499,,256800,,1479513000,84939508,'',,"[4, 0, 63, 0, 0, 0, 0, 0]",108,False,4
1479513000085252432,,256801,,1479513000,85220880,'',,"[8, 0, 244, 255, 223, 3, 0, 0]",107,False,6
1479513000085579016,,256802,,1479513000,85537495,'',,"[147, 42, 0, 0, 147, 42, 0, 128]",99,False,8
1479513000086329559,,256803,,1479513000,86287749,'',,"[70, 18, 26, 0, 0, 0, 0, 0]",117,False,8
1479513000088896587,,256804,,1479513000,88861715,'',,"[0, 0, 0, 16, 11, 0, 0, 168]",116,False,8
1479513000089714956,,256805,,1479513000,89683784,'',,"[170, 0, 0, 0, 0, 0, 0, 0]",115,False,8
1479513000090792198,,256806,,1479513000,90756071,'',,"[214, 10, 221, 10, 201, 10, 217, 10]",106,False,8
1479513000095311456,,256807,,1479513000,95221810,'',,"[32, 18, 26, 0, 0, 0, 0, 0]",117,False,8
1479513000095390836,,256808,,1479513000,95356474,'',,"[0, 0, 61, 0, 0, 0, 0, 0]",108,False,4
1479513000095741188,,256809,,1479513000,95709651,'',,"[25, 0, 0, 0, 242, 12, 247, 128]",101,False,8
1479513000095962719,,256810,,1479513000,95920071,'',,"[7, 0, 244, 255, 233, 3, 0, 0]",107,False,6
1479513000096696949,,256811,,1479513000,96656433,'',,"[3, 254, 59, 254, 15, 254, 129, 0]",112,False,8
1479513000098466662,,256812,,1479513000,98414735,'',,"[211, 10, 217, 10, 199, 10, 217, 10]",106,False,8
1479513000100634122,,256813,,1479513000,100591174,'',,"[12, 0, 0, 0, 0, 0, 0, 0]",103,False,1
1479513000102106675,,256814,,1479513000,102070234,'',,"[165, 37, 0, 0, 165, 37, 0, 128]",97,False,8
1479513000105286876,,256815,,1479513000,105081835,'',,"[251, 255, 56, 0, 0, 0, 0, 0]",108,False,4
1479513000105291168,,256816,,1479513000,105256550,'',,"[7, 0, 242, 255, 252, 3, 0, 0]",107,False,6
1479513000105601834,,256817,,1479513000,105561776,'',,"[155, 42, 0, 0, 155, 42, 0, 128]",99,False,8
1479513000106174572,,256818,,1479513000,106137530,'',,"[32, 18, 26, 0, 0, 0, 0, 0]",117,False,8
1479513000108865980,,256819,,1479513000,108820986,'',,"[0, 0, 0, 16, 10, 0, 0, 168]",116,False,8
1479513000110561160,,256820,,1479513000,110500759,'',,"[209, 10, 218, 10, 202, 10, 216, 10]",106,False,8
1479513000110712897,,256821,,1479513000,110676889,'',,"[0, 1, 0, 192, 3, 0, 0, 0]",105,False,5
1479513000115364889,,256822,,1479513000,115285052,'',,"[0, 18, 26, 0, 0, 0, 0, 0]",117,False,8
1479513000115780784,,256823,,1479513000,115732036,'',,"[22, 0, 0, 0, 242, 12, 247, 128]",101,False,8
1479513000116013026,,256824,,1479513000,115963238,'',,"[0, 0, 52, 0, 0, 0, 0, 0]",108,False,4
1479513000116241989,,256825,,1479513000,116205721,'',,"[10, 0, 241, 255, 213, 3, 0, 0]",107,False,6
1479513000117285664,,256826,,1479513000,117242310,'',,"[3, 254, 59, 254, 15, 254, 129, 0]",112,False,8
1479513000118421017,,256827,,1479513000,118383067,'',,"[211, 10, 217, 10, 201, 10, 217, 10]",106,False,8
1479513000122180091,,256828,,1479513000,122128103,'',,"[183, 37, 0, 0, 183, 37, 0, 128]",97,False,8
1479513000125214709,,256829,,1479513000,125114930,'',,"[11, 0, 50, 0, 0, 0, 0, 0]",108,False,4
1479513000125711492,,256830,,1479513000,125625523,'',,"[17, 0, 242, 255, 233, 3, 0, 0]",107,False,6
1479513000125816355,,256831,,1479513000,125749946,'',,"[203, 42, 0, 0, 203, 42, 0, 128]",99,False,8
1479513000127406914,,256832,,1479513000,127368887,'',,"[203, 17, 26, 0, 0, 0, 0, 0]",117,False,8
1479513000128944373,,256833,,1479513000,128886513,'',,"[0, 0, 0, 16, 7, 0, 0, 168]",116,False,8
1479513000130576820,,256834,,1479513000,130533699,'',,"[210, 10, 217, 10, 197, 10, 218, 10]",106,False,8
1479513000135137490,,256835,,1479513000,135082119,'',,"[19, 0, 53, 0, 0, 0, 0, 0]",108,False,4
1479513000135337598,,256836,,1479513000,135299848,'',,"[20, 0, 242, 255, 233, 3, 0, 0]",107,False,6
1479513000135597330,,256837,,1479513000,135565385,'',,"[203, 17, 26, 0, 0, 0, 0, 0]",117,False,8
1479513000135874511,,256838,,1479513000,135842750,'',,"[19, 0, 0, 0, 241, 12, 247, 128]",101,False,8
1479513000136360996,,256839,,1479513000,136322669,'',,"[3, 254, 59, 254, 15, 254, 129, 0]",112,False,8
1479513000138498505,,256840,,1479513000,138459177,'',,"[211, 10, 221, 10, 202, 10, 211, 10]",106,False,8
1479513000142163731,,256841,,1479513000,142104325,'',,"[187, 37, 0, 0, 187, 37, 0, 128]",97,False,8
1479513000145256152,,256842,,1479513000,145108237,'',,"[20, 0, 56, 0, 0, 0, 0, 0]",108,False,4
1479513000145433244,,256843,,1479513000,145379480,'',,"[16, 0, 242, 255, 252, 3, 0, 0]",107,False,6
1479513000145644402,,256844,,1479513000,145597734,'',,"[227, 42, 0, 0, 227, 42, 0, 128]",99,False,8
1479513000145897654,,256845,,1479513000,145860362,'',,"[172, 17, 26, 0, 0, 0, 0, 0]",117,False,8
1479513000148930052,,256846,,1479513000,148866363,'',,"[0, 0, 0, 16, 5, 0, 0, 168]",116,False,8
1479513000150561735,,256847,,1479513000,150506740,'',,"[212, 10, 220, 10, 196, 10, 218, 10]",106,False,8
1479513000150685700,,256848,,1479513000,150643843,'',,"[12, 0, 0, 0, 0, 0, 0, 0]",103,False,1
1479513000155278076,,256849,,1479513000,155195188,'',,"[132, 17, 26, 0, 0, 0, 0, 0]",117,False,8
1479513000155420695,,256850,,1479513000,155380600,'',,"[17, 0, 57, 0, 0, 0, 0, 0]",108,False,4
1479513000155635553,,256851,,1479513000,155601951,'',,"[8, 0, 242, 255, 242, 3, 0, 0]",107,False,6
1479513000155921267,,256852,,1479513000,155888251,'',,"[18, 0, 0, 0, 241, 12, 247, 128]",101,False,8
1479513000156446929,,256853,,1479513000,156412325,'',,"[3, 254, 59, 254, 15, 254, 129, 0]",112,False,8
1479513000158434946,,256854,,1479513000,158396199,'',,"[211, 10, 217, 10, 201, 10, 211, 10]",106,False,8
1479513000160793394,,256855,,1479513000,160729259,'',,"[0, 1, 0, 192, 3, 0, 0, 0]",105,False,5
1479513000162188560,,256856,,1479513000,162138739,'',,"[205, 37, 0, 0, 205, 37, 0, 128]",97,False,8
1479513000165359408,,256857,,1479513000,165167334,'',,"[8, 0, 49, 0, 0, 0, 0, 0]",108,False,4
1479513000165489821,,256858,,1479513000,165441034,'',,"[4, 0, 243, 255, 223, 3, 0, 0]",107,False,6
1479513000165701786,,256859,,1479513000,165662009,'',,"[187, 42, 0, 0, 187, 42, 0, 128]",99,False,8
1479513000166232416,,256860,,1479513000,166190953,'',,"[132, 17, 26, 0, 0, 0, 0, 0]",117,False,8
1479513000168901411,,256861,,1479513000,168863013,'',,"[0, 0, 0, 16, 8, 0, 0, 168]",116,False,8
1479513000170852121,,256862,,1479513000,170772112,'',,"[212, 10, 216, 10, 204, 10, 211, 10]",106,False,8
1479513000173146732,,256863,,1479513000,173103009,'',,"[234, 0, 236, 0, 232, 0, 229, 0]",113,False,8
1479513000175261373,,256864,,1479513000,175191176,'',,"[87, 17, 26, 0, 0, 0, 0, 0]",117,False,8
1479513000175536504,,256865,,1479513000,175455781,'',,"[253, 255, 36, 0, 0, 0, 0, 0]",108,False,4
1479513000175694996,,256866,,1479513000,175607374,'',,"[5, 0, 244, 255, 242, 3, 0, 0]",107,False,6
1479513000175939128,,256867,,1479513000,175892918,'',,"[16, 0, 0, 0, 241, 12, 246, 128]",101,False,8
1479513000176455785,,256868,,1479513000,176414338,'',,"[3, 254, 59, 254, 15, 254, 129, 0]",112,False,8
1479513000178748328,,256869,,1479513000,178629764,'',,"[211, 10, 214, 10, 206, 10, 209, 10]",106,False,8
1479513000181783365,,256870,,1479513000,181741724,'',,"[143, 3, 0, 0, 0, 0, 0, 0]",114,False,2
1479513000182229061,,256871,,1479513000,182190961,'',,"[194, 37, 0, 0, 194, 37, 0, 128]",97,False,8
1479513000185414378,,256872,,1479513000,185367818,'',,"[245, 255, 31, 0, 0, 0, 0, 0]",108,False,4
1479513000185717612,,256873,,1479513000,185654802,'',,"[9, 0, 244, 255, 252, 3, 0, 0]",107,False,6
1479513000185871029,,256874,,1479513000,185834914,'',,"[243, 42, 0, 0, 243, 42, 0, 128]",99,False,8
1479513000186171949,,256875,,1479513000,186125889,'',,"[48, 17, 26, 0, 0, 0, 0, 0]",117,False,8
1479513000188923944,,256876,,1479513000,188880219,'',,"[0, 0, 0, 16, 9, 0, 0, 168]",116,False,8
1479513000190816225,,256877,,1479513000,190772367,'',,"[211, 10, 212, 10, 209, 10, 209, 10]",106,False,8
1479513000195228760,,256878,,1479513000,195184957,'',,"[243, 255, 32, 0, 0, 0, 0, 0]",108,False,4
1479513000195476813,,256879,,1479513000,195443133,'',,"[48, 17, 26, 0, 0, 0, 0, 0]",117,False,8
1479513000195741357,,256880,,1479513000,195709288,'',,"[13, 0, 245, 255, 193, 3, 0, 0]",107,False,6
1479513000196017420,,256881,,1479513000,195970506,'',,"[15, 0, 0, 0, 241, 12, 248, 128]",101,False,8
1479513000196766560,,256882,,1479513000,196696281,'',,"[3, 254, 59, 254, 15, 254, 129, 0]",112,False,8
1479513000198413414,,256883,,1479513000,198360716,'',,"[210, 10, 218, 10, 206, 10, 215, 10]",106,False,8
1479513000200775723,,256884,,1479513000,200729016,'',,"[12, 0, 0, 0, 0, 0, 0, 0]",103,False,1
1479513000202230106,,256885,,1479513000,202191091,'',,"[179, 37, 0, 0, 179, 37, 0, 128]",97,False,8
1479513000205401076,,256886,,1479513000,205365796,'',,"[244, 255, 32, 0, 0, 0, 0, 0]",108,False,4
1479513000205652509,,256887,,1479513000,205622978,'',,"[14, 0, 247, 255, 203, 3, 0, 0]",107,False,6
1479513000205871551,,256888,,1479513000,205837838,'',,"[3, 43, 0, 0, 3, 43, 0, 128]",99,False,8
1479513000206155394,,256889,,1479513000,206122886,'',,"[97, 17, 26, 0, 0, 0, 0, 0]",117,False,8
1479513000208970962,,256890,,1479513000,208905865,'',,"[0, 0, 0, 16, 15, 0, 255, 171]",116,False,8
1479513000210605180,,256891,,1479513000,210550651,'',,"[216, 10, 212, 10, 206, 10, 211, 10]",106,False,8
1479513000210869143,,256892,,1479513000,210818334,'',,"[0, 1, 0, 192, 3, 0, 0, 0]",105,False,5
1479513000215340320,,256893,,1479513000,215284677,'',,"[127, 17, 26, 0, 0, 0, 0, 0]",117,False,8
1479513000216000785,,256894,,1479513000,215946280,'',,"[14, 0, 0, 0, 240, 12, 250, 128]",101,False,8
1479513000216263856,,256895,,1479513000,216191956,'',,"[247, 255, 28, 0, 0, 0, 0, 0]",108,False,4
1479513000216506258,,256896,,1479513000,216461448,'',,"[12, 0, 248, 255, 242, 3, 0, 0]",107,False,6
1479513000217239238,,256897,,1479513000,217196825,'',,"[3, 254, 59, 254, 15, 254, 129, 0]",112,False,8
1479513000218445292,,256898,,1479513000,218410510,'',,"[197, 10, 211, 10, 209, 10, 211, 10]",106,False,8
1479513000222283171,,256899,,1479513000,222237540,'',,"[190, 37, 0, 0, 190, 37, 0, 128]",97,False,8
1479513000225525780,,256900,,1479513000,225424994,'',,"[251, 255, 24, 0, 0, 0, 0, 0]",108,False,4
1479513000225793030,,256901,,1479513000,225702042,'',,"[10, 0, 249, 255, 233, 3, 0, 0]",107,False,6
1479513000225945061,,256902,,1479513000,225876163,'',,"[187, 42, 0, 0, 187, 42, 0, 128]",99,False,8
1479513000227810415,,256903,,1479513000,227773576,'',,"[127, 17, 26, 0, 0, 0, 0, 0]",117,False,8
1479513000229158335,,256904,,1479513000,229124210,'',,"[0, 0, 0, 16, 22, 0, 255, 171]",116,False,8
1479513000230893965,,256905,,1479513000,230802551,'',,"[205, 10, 210, 10, 205, 10, 211, 10]",106,False,8
1479513000235241121,,256906,,1479513000,235189295,'',,"[142, 17, 26, 0, 0, 0, 0, 0]",117,False,8
1479513000235456861,,256907,,1479513000,235391318,'',,"[255, 255, 22, 0, 0, 0, 0, 0]",108,False,4
1479513000235951442,,256908,,1479513000,235884540,'',,"[12, 0, 247, 255, 213, 3, 0, 0]",107,False,6
1479513000236164696,,256909,,1479513000,236125352,'',,"[13, 0, 0, 0, 239, 12, 250, 128]",101,False,8
1479513000236429777,,256910,,1479513000,236387815,'',,"[3, 254, 59, 254, 15, 254, 1, 0]",112,False,8
1479513000238446883,,256911,,1479513000,238411040,'',,"[207, 10, 214, 10, 203, 10, 207, 10]",106,False,8
1479513000242327308,,256912,,1479513000,242280256,'',,"[200, 37, 0, 0, 200, 37, 0, 128]",97,False,8
1479513000245363834,,256913,,1479513000,245277520,'',,"[1, 0, 20, 0, 0, 0, 0, 0]",108,False,4
1479513000245593421,,256914,,1479513000,245548038,'',,"[15, 0, 243, 255, 223, 3, 0, 0]",107,False,6
1479513000245797169,,256915,,1479513000,245761244,'',,"[51, 43, 0, 0, 51, 43, 0, 128]",99,False,8
1479513000246281967,,256916,,1479513000,246238763,'',,"[117, 17, 26, 0, 0, 0, 0, 0]",117,False,8
1479513000248942765,,256917,,1479513000,248869474,'',,"[0, 0, 0, 16, 15, 0, 255, 171]",116,False,8
1479513000250863554,,256918,,1479513000,250789778,'',,"[210, 10, 210, 10, 196, 10, 211, 10]",106,False,8
1479513000250987847,,256919,,1479513000,250939589,'',,"[12, 0, 0, 0, 0, 0, 0, 0]",103,False,1
1479513000255476257,,256920,,1479513000,255419462,'',,"[117, 17, 26, 0, 0, 0, 0, 0]",117,False,8
1479513000255594000,,256921,,1479513000,255560064,'',,"[0, 0, 18, 0, 0, 0, 0, 0]",108,False,4
1479513000255807357,,256922,,1479513000,255775992,'',,"[16, 0, 239, 255, 213, 3, 0, 0]",107,False,6
1479513000256105536,,256923,,1479513000,256063711,'',,"[13, 0, 0, 0, 237, 12, 252, 128]",101,False,8
1479513000256624742,,256924,,1479513000,256590692,'',,"[3, 254, 59, 254, 15, 254, 1, 0]",112,False,8
1479513000258470499,,256925,,1479513000,258432289,'',,"[211, 10, 209, 10, 203, 10, 200, 10]",106,False,8
1479513000260990205,,256926,,1479513000,260933699,'',,"[0, 1, 0, 192, 3, 0, 0, 0]",105,False,5
1479513000262381029,,256927,,1479513000,262336759,'',,"[160, 37, 0, 0, 160, 37, 0, 128]",97,False,8
1479513000265500963,,256928,,1479513000,265445336,'',,"[252, 255, 18, 0, 0, 0, 0, 0]",108,False,4
1479513000265707582,,256929,,1479513000,265674980,'',,"[15, 0, 239, 255, 203, 3, 0, 0]",107,False,6
1479513000265962007,,256930,,1479513000,265917393,'',,"[35, 43, 0, 0, 35, 43, 0, 128]",99,False,8
1479513000266188350,,256931,,1479513000,266151933,'',,"[142, 17, 26, 0, 0, 0, 0, 0]",117,False,8
1479513000268979524,,256932,,1479513000,268905085,'',,"[0, 0, 0, 16, 5, 0, 255, 171]",116,False,8
1479513000270986349,,256933,,1479513000,270906602,'',,"[212, 10, 212, 10, 201, 10, 205, 10]",106,False,8
1479513000275290924,,256934,,1479513000,275194665,'',,"[162, 17, 30, 0, 0, 0, 0, 0]",117,False,8
1479513000275652991,,256935,,1479513000,275605447,'',,"[247, 255, 18, 0, 0, 0, 0, 0]",108,False,4
1479513000275957719,,256936,,1479513000,275884146,'',,"[13, 0, 243, 255, 184, 3, 0, 0]",107,False,6
1479513000276186355,,256937,,1479513000,276145913,'',,"[13, 0, 0, 0, 236, 12, 252, 128]",101,False,8
1479513000276489447,,256938,,1479513000,276411265,'',,"[3, 254, 59, 254, 15, 254, 129, 0]",112,False,8
1479513000278557237,,256939,,1479513000,278501444,'',,"[212, 10, 205, 10, 196, 10, 211, 10]",106,False,8
1479513000281555437,,256940,,1479513000,281513038,'',,"[143, 3, 0, 0, 0, 0, 0, 0]",114,False,2
1479513000282378746,,256941,,1479513000,282323452,'',,"[157, 37, 0, 0, 157, 37, 0, 128]",97,False,8
1479513000285582043,,256942,,1479513000,285533302,'',,"[253, 255, 13, 0, 0, 0, 0, 0]",108,False,4
1479513000285790877,,256943,,1479513000,285752513,'',,"[13, 0, 251, 255, 193, 3, 0, 0]",107,False,6
1479513000286123593,,256944,,1479513000,286077911,'',,"[67, 43, 0, 0, 67, 43, 0, 128]",99,False,8
1479513000286299598,,256945,,1479513000,286249158,'',,"[162, 17, 30, 0, 0, 0, 0, 0]",117,False,8
1479513000288946313,,256946,,1479513000,288902205,'',,"[0, 0, 0, 16, 10, 0, 255, 171]",116,False,8
1479513000290823991,,256947,,1479513000,290788688,'',,"[207, 10, 210, 10, 197, 10, 211, 10]",106,False,8
1479513000291124861,,256948,,1479513000,291086287,'',,"[170, 0, 0, 0, 0, 0, 0, 0]",115,False,8
1479513000295228552,,256949,,1479513000,295189407,'',,"[157, 17, 30, 0, 0, 0, 0, 0]",117,False,8
1479513000295885448,,256950,,1479513000,295839422,'',,"[8, 0, 9, 0, 0, 0, 0, 0]",108,False,4
1479513000296169177,,256951,,1479513000,296124634,'',,"[13, 0, 0, 0, 236, 12, 252, 128]",101,False,8
1479513000296349429,,256952,,1479513000,296308689,'',,"[14, 0, 0, 0, 184, 3, 0, 0]",107,False,6
1479513000296763663,,256953,,1479513000,296662658,'',,"[3, 254, 59, 254, 15, 254, 129, 0]",112,False,8
1479513000298459965,,256954,,1479513000,298413205,'',,"[211, 10, 205, 10, 199, 10, 205, 10]",106,False,8
1479513000300955048,,256955,,1479513000,300902598,'',,"[12, 0, 0, 0, 0, 0, 0, 0]",103,False,1
1479513000302404614,,256956,,1479513000,302366477,'',,"[155, 37, 0, 0, 155, 37, 0, 128]",97,False,8
1479513000305941284,,256957,,1479513000,305877506,'',,"[3, 43, 0, 0, 3, 43, 0, 128]",99,False,8
1479513000306182604,,256958,,1479513000,306135340,'',,"[193, 17, 31, 0, 0, 0, 0, 0]",117,False,8
1479513000306476180,,256959,,1479513000,306309507,'',,"[15, 0, 6, 0, 0, 0, 0, 0]",108,False,4
1479513000306568814,,256960,,1479513000,306526918,'',,"[12, 0, 0, 0, 164, 3, 0, 0]",107,False,6
1479513000308958164,,256961,,1479513000,308900686,'',,"[0, 0, 0, 16, 9, 0, 255, 171]",116,False,8
1479513000310607213,,256962,,1479513000,310549439,'',,"[209, 10, 206, 10, 201, 10, 207, 10]",106,False,8
1479513000311143758,,256963,,1479513000,311090421,'',,"[0, 1, 0, 192, 3, 0, 0, 0]",105,False,5
1479513000315573340,,256964,,1479513000,315445352,'',,"[193, 17, 31, 0, 0, 0, 0, 0]",117,False,8
1479513000316144997,,256965,,1479513000,316079762,'',,"[13, 0, 0, 0, 235, 12, 253, 128]",101,False,8
1479513000316372524,,256966,,1479513000,316339586,'',,"[16, 0, 6, 0, 0, 0, 0, 0]",108,False,4
1479513000316648673,,256967,,1479513000,316606373,'',,"[9, 0, 250, 255, 223, 3, 0, 0]",107,False,6
1479513000317635334,,256968,,1479513000,317602112,'',,"[3, 254, 59, 254, 15, 254, 1, 1]",112,False,8
1479513000318462649,,256969,,1479513000,318419597,'',,"[207, 10, 211, 10, 194, 10, 204, 10]",106,False,8
1479513000322446857,,256970,,1479513000,322403910,'',,"[177, 37, 0, 0, 177, 37, 0, 128]",97,False,8
1479513000325607221,,256971,,1479513000,325531205,'',,"[14, 0, 6, 0, 0, 0, 0, 0]",108,False,4
1479513000325843359,,256972,,1479513000,325771543,'',,"[8, 0, 243, 255, 193, 3, 0, 0]",107,False,6
1479513000326090430,,256973,,1479513000,326021200,'',,"[75, 43, 0, 0, 75, 43, 0, 128]",99,False,8
1479513000327455220,,256974,,1479513000,327411324,'',,"[172, 17, 31, 0, 0, 0, 0, 0]",117,False,8
1479513000328979613,,256975,,1479513000,328910051,'',,"[0, 0, 0, 16, 8, 0, 255, 171]",116,False,8
1479513000330631421,,256976,,1479513000,330582879,'',,"[209, 10, 203, 10, 196, 10, 206, 10]",106,False,8
1479513000335233185,,256977,,1479513000,335189546,'',,"[183, 17, 31, 0, 0, 0, 0, 0]",117,False,8
1479513000335628361,,256978,,1479513000,335589982,'',,"[16, 0, 6, 0, 0, 0, 0, 0]",108,False,4
1479513000335910079,,256979,,1479513000,335872563,'',,"[11, 0, 239, 255, 193, 3, 0, 0]",107,False,6
1479513000336195512,,256980,,1479513000,336153864,'',,"[12, 0, 0, 0, 235, 12, 253, 128]",101,False,8
1479513000336451024,,256981,,1479513000,336421690,'',,"[3, 254, 59, 254, 15, 254, 129, 1]",112,False,8
1479513000338464910,,256982,,1479513000,338433466,'',,"[207, 10, 207, 10, 192, 10, 216, 10]",106,False,8
1479513000342531940,,256983,,1479513000,342463269,'',,"[177, 37, 0, 0, 177, 37, 0, 128]",97,False,8
1479513000345682060,,256984,,1479513000,345592556,'',,"[27, 0, 5, 0, 0, 0, 0, 0]",108,False,4
1479513000345902393,,256985,,1479513000,345860148,'',,"[18, 0, 237, 255, 193, 3, 0, 0]",107,False,6
1479513000346173287,,256986,,1479513000,346122449,'',,"[179, 43, 0, 0, 179, 43, 0, 128]",99,False,8
1479513000346379661,,256987,,1479513000,346336845,'',,"[183, 17, 31, 0, 0, 0, 0, 0]",117,False,8
1479513000348936118,,256988,,1479513000,348881296,'',,"[0, 0, 0, 16, 7, 0, 255, 171]",116,False,8
1479513000350832491,,256989,,1479513000,350774761,'',,"[202, 10, 201, 10, 190, 10, 206, 10]",106,False,8
1479513000351012472,,256990,,1479513000,350963699,'',,"[12, 0, 0, 0, 0, 0, 0, 0]",103,False,1
1479513000355294343,,256991,,1479513000,355230341,'',,"[127, 17, 32, 0, 0, 0, 0, 0]",117,False,8
1479513000355992131,,256992,,1479513000,355942582,'',,"[51, 0, 6, 0, 0, 0, 0, 0]",108,False,4
1479513000356234065,,256993,,1479513000,356185039,'',,"[12, 0, 0, 0, 234, 12, 254, 128]",101,False,8
1479513000356438653,,256994,,1479513000,356402235,'',,"[21, 0, 237, 255, 213, 3, 0, 0]",107,False,6
1479513000356759287,,256995,,1479513000,356716727,'',,"[3, 254, 59, 254, 15, 254, 1, 1]",112,False,8
1479513000358462906,,256996,,1479513000,358409535,'',,"[203, 10, 197, 10, 191, 10, 202, 10]",106,False,8
1479513000361175769,,256997,,1479513000,361123320,'',,"[0, 1, 0, 192, 3, 0, 0, 0]",105,False,5
1479513000362518730,,256998,,1479513000,362477018,'',,"[154, 37, 0, 0, 154, 37, 0, 128]",97,False,8
1479513000365972245,,256999,,1479513000,365915637,'',,"[97, 17, 33, 0, 0, 0, 0, 0]",117,False,8
1479513000366175378,,257000,,1479513000,366137387,'',,"[123, 43, 0, 0, 123, 43, 0, 128]",99,False,8
1479513000366356500,,257001,,1479513000,366315409,'',,"[82, 0, 11, 0, 0, 0, 0, 0]",108,False,4
1479513000366578313,,257002,,1479513000,366535165,'',,"[16, 0, 240, 255, 223, 3, 0, 0]",107,False,6
1479513000369023896,,257003,,1479513000,368929686,'',,"[0, 0, 0, 16, 7, 0, 255, 171]",116,False,8
1479513000370989099,,257004,,1479513000,370893388,'',,"[200, 10, 204, 10, 196, 10, 210, 10]",106,False,8
1479513000375773317,,257005,,1479513000,375444309,'',,"[97, 17, 33, 0, 0, 0, 0, 0]",117,False,8
1479513000375910868,,257006,,1479513000,375834181,'',,"[109, 0, 18, 0, 0, 0, 0, 0]",108,False,4
1479513000376181859,,257007,,1479513000,376125748,'',,"[7, 0, 242, 255, 242, 3, 0, 0]",107,False,6
1479513000376404407,,257008,,1479513000,376354754,'',,"[12, 0, 0, 0, 231, 12, 253, 128]",101,False,8
1479513000376674932,,257009,,1479513000,376626638,'',,"[3, 254, 59, 254, 15, 254, 1, 1]",112,False,8
1479513000378546564,,257010,,1479513000,378497901,'',,"[204, 10, 204, 10, 187, 10, 211, 10]",106,False,8
1479513000381793057,,257011,,1479513000,381737773,'',,"[143, 3, 0, 0, 0, 0, 0, 0]",114,False,2
1479513000382580986,,257012,,1479513000,382502838,'',,"[182, 37, 0, 0, 182, 37, 0, 128]",97,False,8
1479513000385965992,,257013,,1479513000,385909042,'',,"[38, 17, 34, 0, 0, 0, 0, 0]",117,False,8
1479513000386163740,,257014,,1479513000,386122810,'',,"[219, 43, 0, 0, 219, 43, 0, 128]",99,False,8
1479513000386337580,,257015,,1479513000,386297180,'',,"[118, 0, 22, 0, 0, 0, 0, 0]",108,False,4
1479513000386554908,,257016,,1479513000,386518107,'',,"[254, 255, 241, 255, 252, 3, 0, 0]",107,False,6
1479513000388898359,,257017,,1479513000,388856972,'',,"[0, 0, 0, 16, 8, 0, 255, 171]",116,False,8
1479513000390863897,,257018,,1479513000,390825903,'',,"[201, 10, 211, 10, 197, 10, 196, 10]",106,False,8
1479513000395233894,,257019,,1479513000,395182424,'',,"[214, 16, 36, 0, 0, 0, 0, 0]",117,False,8
1479513000395913616,,257020,,1479513000,395867408,'',,"[110, 0, 24, 0, 0, 0, 0, 0]",108,False,4
1479513000396172564,,257021,,1479513000,396122009,'',,"[247, 255, 238, 255, 252, 3, 0, 0]",107,False,6
1479513000396424724,,257022,,1479513000,396382937,'',,"[12, 0, 0, 0, 229, 12, 254, 128]",101,False,8
1479513000396724371,,257023,,1479513000,396648242,'',,"[3, 254, 59, 254, 15, 254, 1, 1]",112,False,8
1479513000398457709,,257024,,1479513000,398412884,'',,"[202, 10, 210, 10, 203, 10, 201, 10]",106,False,8
1479513000401098614,,257025,,1479513000,401062545,'',,"[12, 0, 0, 0, 0, 0, 0, 0]",103,False,1
1479513000402577301,,257026,,1479513000,402543610,'',,"[152, 37, 0, 0, 152, 37, 0, 128]",97,False,8
1479513000405760591,,257027,,1479513000,405724623,'',,"[85, 0, 24, 0, 0, 0, 0, 0]",108,False,4
1479513000406072716,,257028,,1479513000,406020141,'',,"[246, 255, 236, 255, 233, 3, 0, 0]",107,False,6
1479513000406231584,,257029,,1479513000,406191862,'',,"[43, 44, 0, 0, 43, 44, 0, 128]",99,False,8
1479513000406490964,,257030,,1479513000,406457171,'',,"[214, 16, 36, 0, 0, 0, 0, 0]",117,False,8
1479513000408920865,,257031,,1479513000,408864871,'',,"[0, 0, 0, 16, 6, 0, 255, 171]",116,False,8
1479513000410561604,,257032,,1479513000,410509461,'',,"[201, 10, 207, 10, 194, 10, 204, 10]",106,False,8
1479513000411189424,,257033,,1479513000,411144121,'',,"[0, 1, 0, 192, 3, 0, 0, 0]",105,False,5
1479513000415336662,,257034,,1479513000,415282178,'',,"[88, 16, 36, 0, 0, 0, 0, 0]",117,False,8
1479513000416277342,,257035,,1479513000,416228387,'',,"[12, 0, 0, 0, 228, 12, 0, 128]",101,False,8
1479513000416671000,,257036,,1479513000,416626814,'',,"[46, 0, 24, 0, 0, 0, 0, 0]",108,False,4
1479513000416977078,,257037,,1479513000,416933584,'',,"[249, 255, 236, 255, 223, 3, 0, 0]",107,False,6
1479513000417498901,,257038,,1479513000,417463944,'',,"[3, 254, 59, 254, 15, 254, 1, 1]",112,False,8
1479513000418460911,,257039,,1479513000,418428156,'',,"[196, 10, 207, 10, 200, 10, 201, 10]",106,False,8
1479513000422589247,,257040,,1479513000,422548055,'',,"[158, 37, 0, 0, 158, 37, 0, 128]",97,False,8
1479513000425956019,,257041,,1479513000,425877827,'',,"[5, 0, 24, 0, 0, 0, 0, 0]",108,False,4
1479513000426266269,,257042,,1479513000,426152869,'',,"[91, 44, 0, 0, 91, 44, 0, 128]",99,False,8
1479513000426331596,,257043,,1479513000,426284558,'',,"[0, 0, 238, 255, 223, 3, 0, 0]",107,False,6
1479513000427396752,,257044,,1479513000,427358964,'',,"[192, 15, 37, 0, 0, 0, 0, 0]",117,False,8
1479513000428890768,,257045,,1479513000,428856060,'',,"[0, 0, 0, 16, 0, 0, 255, 171]",116,False,8
1479513000430583739,,257046,,1479513000,430502470,'',,"[199, 10, 205, 10, 200, 10, 205, 10]",106,False,8
1479513000435500273,,257047,,1479513000,435457817,'',,"[192, 15, 37, 0, 0, 0, 0, 0]",117,False,8
1479513000435971623,,257048,,1479513000,435923739,'',,"[227, 255, 23, 0, 0, 0, 0, 0]",108,False,4
1479513000436193211,,257049,,1479513000,436142899,'',,"[6, 0, 240, 255, 242, 3, 0, 0]",107,False,6
1479513000436448782,,257050,,1479513000,436409926,'',,"[12, 0, 0, 0, 228, 12, 2, 128]",101,False,8
1479513000436784686,,257051,,1479513000,436755214,'',,"[3, 254, 59, 254, 15, 254, 1, 1]",112,False,8
1479513000438467572,,257052,,1479513000,438430120,'',,"[200, 10, 206, 10, 202, 10, 202, 10]",106,False,8
1479513000442656884,,257053,,1479513000,442596002,'',,"[166, 37, 0, 0, 166, 37, 0, 128]",97,False,8
1479513000446024564,,257054,,1479513000,445930737,'',,"[24, 15, 38, 0, 0, 0, 0, 0]",117,False,8
1479513000446184488,,257055,,1479513000,446124584,'',,"[227, 44, 0, 0, 227, 44, 0, 128]",99,False,8
1479513000446316420,,257056,,1479513000,446259144,'',,"[201, 255, 23, 0, 0, 0, 0, 0]",108,False,4
1479513000446553949,,257057,,1479513000,446485742,'',,"[13, 0, 240, 255, 252, 3, 0, 0]",107,False,6
1479513000449899270,,257058,,1479513000,448860256,'',,"[0, 0, 0, 16, 2, 0, 255, 171]",116,False,8
1479513000450793901,,257059,,1479513000,450743233,'',,"[199, 10, 207, 10, 194, 10, 201, 10]",106,False,8
1479513000451191482,,257060,,1479513000,451147578,'',,"[12, 0, 0, 0, 0, 0, 0, 0]",103,False,1
1479513000455237860,,257061,,1479513000,455188966,'',,"[106, 14, 39, 0, 0, 0, 0, 0]",117,False,8
1479513000455937170,,257062,,1479513000,455888967,'',,"[187, 255, 23, 0, 0, 0, 0, 0]",108,False,4
1479513000456363390,,257063,,1479513000,456313776,'',,"[12, 0, 0, 0, 227, 12, 2, 128]",101,False,8
1479513000456570187,,257064,,1479513000,456533952,'',,"[20, 0, 236, 255, 233, 3, 0, 0]",107,False,6
1479513000456842302,,257065,,1479513000,456794114,'',,"[3, 254, 59, 254, 15, 254, 1, 1]",112,False,8
1479513000458465582,,257066,,1479513000,458421658,'',,"[201, 10, 206, 10, 199, 10, 202, 10]",106,False,8
1479513000463733009,,257067,,1479513000,463674105,'',,"[144, 232, 175, 134, 32, 154, 42, 234]",109,False,8
1479513000463775221,,257068,,1479513000,463721643,'',,"[0, 1, 0, 192, 3, 0, 0, 0]",105,False,5
1479513000463852438,,257069,,1479513000,463786871,'',,"[16, 11, 18, 23, 49, 58, 7, 8]",110,False,8
1479513000463856452,,257070,,1479513000,463789888,'',,"[86, 255, 171, 116, 21, 5, 8, 82]",111,False,8
1479513000463858168,,257071,,1479513000,463790681,'',,"[193, 37, 0, 0, 193, 37, 0, 128]",97,False,8
1479513000466255055,,257072,,1479513000,466188265,'',,"[3, 45, 0, 0, 3, 45, 0, 128]",99,False,8
1479513000466398809,,257073,,1479513000,466362735,'',,"[106, 14, 39, 0, 0, 0, 0, 0]",117,False,8
1479513000466573527,,257074,,1479513000,466542112,'',,"[182, 255, 22, 0, 0, 0, 0, 0]",108,False,4
1479513000466794795,,257075,,1479513000,466756199,'',,"[27, 0, 233, 255, 233, 3, 0, 0]",107,False,6
1479513000468967889,,257076,,1479513000,468923256,'',,"[0, 0, 0, 16, 3, 0, 255, 171]",116,False,8
1479513000470875321,,257077,,1479513000,470823452,'',,"[204, 10, 205, 10, 187, 10, 196, 10]",106,False,8
1479513000475331172,,257078,,1479513000,475194473,'',,"[186, 13, 40, 0, 0, 0, 0, 0]",117,False,8
1479513000475984637,,257079,,1479513000,475902791,'',,"[185, 255, 21, 0, 0, 0, 0, 0]",108,False,4
1479513000476188352,,257080,,1479513000,476144465,'',,"[34, 0, 233, 255, 242, 3, 0, 0]",107,False,6
1479513000476466953,,257081,,1479513000,476411502,'',,"[12, 0, 0, 0, 227, 12, 0, 128]",101,False,8
1479513000476718745,,257082,,1479513000,476672374,'',,"[3, 254, 59, 254, 15, 254, 1, 1]",112,False,8
1479513000478819826,,257083,,1479513000,478769061,'',,"[202, 10, 205, 10, 196, 10, 205, 10]",106,False,8
1479513000481381422,,257084,,1479513000,481336330,'',,"[143, 3, 0, 0, 0, 0, 0, 0]",114,False,2
1479513000482719281,,257085,,1479513000,482681688,'',,"[162, 37, 0, 0, 162, 37, 0, 128]",97,False,8
1479513000485967679,,257086,,1479513000,485921935,'',,"[41, 13, 42, 0, 0, 0, 0, 0]",117,False,8
1479513000486184584,,257087,,1479513000,486143761,'',,"[163, 45, 0, 0, 163, 45, 0, 128]",99,False,8
1479513000486352092,,257088,,1479513000,486316477,'',,"[192, 255, 18, 0, 0, 0, 0, 0]",108,False,4
1479513000486574070,,257089,,1479513000,486533666,'',,"[40, 0, 235, 255, 16, 4, 0, 0]",107,False,6
1479513000488933681,,257090,,1479513000,488894295,'',,"[0, 0, 0, 16, 5, 0, 255, 171]",116,False,8
1479513000490810598,,257091,,1479513000,490771960,'',,"[205, 10, 201, 10, 188, 10, 194, 10]",106,False,8
1479513000492404637,,257092,,1479513000,492363175,'',,"[170, 0, 0, 0, 0, 0, 0, 0]",115,False,8
1479513000495469029,,257093,,1479513000,495409608,'',,"[41, 13, 42, 0, 0, 0, 0, 0]",117,False,8
1479513000496117874,,257094,,1479513000,496076309,'',,"[203, 255, 17, 0, 0, 0, 0, 0]",108,False,4
1479513000496420896,,257095,,1479513000,496378657,'',,"[12, 0, 0, 0, 227, 12, 0, 128]",101,False,8
1479513000496646160,,257096,,1479513000,496600544,'',,"[39, 0, 239, 255, 242, 3, 0, 0]",107,False,6
1479513000496923545,,257097,,1479513000,496858929,'',,"[3, 254, 59, 254, 15, 254, 1, 1]",112,False,8
1479513000498616840,,257098,,1479513000,498565832,'',,"[201, 10, 200, 10, 185, 10, 195, 10]",106,False,8
1479513000501289967,,257099,,1479513000,501236367,'',,"[12, 0, 0, 0, 0, 0, 0, 0]",103,False,1
1479513000502724084,,257100,,1479513000,502682490,'',,"[197, 37, 0, 0, 197, 37, 0, 128]",97,False,8
1479513000506146732,,257101,,1479513000,506081586,'',,"[218, 255, 16, 0, 0, 0, 0, 0]",108,False,4
1479513000506309501,,257102,,1479513000,506261100,'',,"[155, 45, 0, 0, 155, 45, 0, 128]",99,False,8
1479513000506531941,,257103,,1479513000,506485541,'',,"[70, 12, 44, 0, 0, 0, 0, 0]",117,False,8
1479513000506755066,,257104,,1479513000,506713185,'',,"[29, 0, 243, 255, 242, 3, 0, 0]",107,False,6
1479513000508919007,,257105,,1479513000,508860041,'',,"[0, 0, 0, 16, 3, 0, 255, 171]",116,False,8
1479513000510566711,,257106,,1479513000,510514718,'',,"[203, 10, 200, 10, 183, 10, 192, 10]",106,False,8
1479513000511423960,,257107,,1479513000,511326320,'',,"[0, 1, 0, 192, 3, 0, 0, 0]",105,False,5
1479513000515276764,,257108,,1479513000,515193182,'',,"[155, 11, 45, 0, 0, 0, 0, 0]",117,False,8
1479513000516393685,,257109,,1479513000,516343479,'',,"[3, 254, 59, 254, 15, 254, 129, 0]",112,False,8
1479513000516602672,,257110,,1479513000,516566224,'',,"[12, 0, 0, 0, 226, 12, 0, 128]",101,False,8
1479513000516961829,,257111,,1479513000,516922581,'',,"[230, 255, 14, 0, 0, 0, 0, 0]",108,False,4
1479513000517219658,,257112,,1479513000,517187868,'',,"[17, 0, 245, 255, 213, 3, 0, 0]",107,False,6
1479513000518625088,,257113,,1479513000,518540691,'',,"[200, 10, 199, 10, 194, 10, 197, 10]",106,False,8
1479513000522802356,,257114,,1479513000,522728624,'',,"[152, 37, 0, 0, 152, 37, 0, 128]",97,False,8
1479513000526235908,,257115,,1479513000,526129599,'',,"[234, 255, 12, 0, 0, 0, 0, 0]",108,False,4
1479513000526351574,,257116,,1479513000,526290084,'',,"[187, 45, 0, 0, 187, 45, 0, 128]",99,False,8
1479513000526459650,,257117,,1479513000,526420947,'',,"[9, 0, 244, 255, 203, 3, 0, 0]",107,False,6
1479513000527869204,,257118,,1479513000,527813746,'',,"[155, 11, 45, 0, 0, 0, 0, 0]",117,False,8
1479513000529161596,,257119,,1479513000,529076364,'',,"[0, 0, 0, 16, 2, 0, 255, 171]",116,False,8
1479513000530840067,,257120,,1479513000,530753701,'',,"[200, 10, 196, 10, 185, 10, 202, 10]",106,False,8
1479513000535232615,,257121,,1479513000,535186772,'',,"[204, 10, 46, 0, 0, 0, 0, 0]",117,False,8
1479513000536232388,,257122,,1479513000,536182558,'',,"[236, 255, 11, 0, 0, 0, 0, 0]",108,False,4
1479513000536481159,,257123,,1479513000,536443641,'',,"[3, 254, 59, 254, 15, 254, 129, 0]",112,False,8
1479513000536736464,,257124,,1479513000,536706993,'',,"[11, 0, 0, 0, 226, 12, 255, 128]",101,False,8
1479513000536964149,,257125,,1479513000,536930241,'',,"[9, 0, 241, 255, 213, 3, 0, 0]",107,False,6
1479513000538518532,,257126,,1479513000,538453068,'',,"[201, 10, 200, 10, 189, 10, 203, 10]",106,False,8
1479513000542793265,,257127,,1479513000,542733522,'',,"[173, 37, 0, 0, 173, 37, 0, 128]",97,False,8
1479513000546060357,,257128,,1479513000,545977900,'',,"[45, 10, 46, 0, 0, 0, 0, 0]",117,False,8
1479513000546161811,,257129,,1479513000,546122630,'',,"[238, 255, 11, 0, 0, 0, 0, 0]",108,False,4
1479513000546390503,,257130,,1479513000,546350083,'',,"[107, 45, 0, 0, 107, 45, 0, 128]",99,False,8
1479513000546603367,,257131,,1479513000,546564980,'',,"[15, 0, 238, 255, 203, 3, 0, 0]",107,False,6
1479513000548965940,,257132,,1479513000,548859413,'',,"[0, 0, 0, 16, 2, 0, 255, 171]",116,False,8
1479513000550822047,,257133,,1479513000,550777415,'',,"[204, 10, 202, 10, 189, 10, 199, 10]",106,False,8
1479513000551357561,,257134,,1479513000,551314117,'',,"[12, 0, 0, 0, 0, 0, 0, 0]",103,False,1
1479513000555446263,,257135,,1479513000,555408813,'',,"[45, 10, 46, 0, 0, 0, 0, 0]",117,False,8
1479513000556180390,,257136,,1479513000,556144102,'',,"[240, 255, 13, 0, 0, 0, 0, 0]",108,False,4
1479513000556444378,,257137,,1479513000,556408687,'',,"[3, 254, 59, 254, 15, 254, 129, 0]",112,False,8
1479513000556716205,,257138,,1479513000,556669247,'',,"[11, 0, 0, 0, 225, 12, 255, 128]",101,False,8
1479513000556929255,,257139,,1479513000,556892544,'',,"[23, 0, 236, 255, 233, 3, 0, 0]",107,False,6
1479513000558730767,,257140,,1479513000,558690114,'',,"[200, 10, 202, 10, 185, 10, 205, 10]",106,False,8
1479513000561453100,,257141,,1479513000,561409369,'',,"[0, 1, 0, 192, 3, 0, 0, 0]",105,False,5
1479513000562995685,,257142,,1479513000,562769908,'',,"[171, 37, 0, 0, 171, 37, 0, 128]",97,False,8
1479513000567294222,,257143,,1479513000,566264397,'',,"[146, 9, 46, 0, 0, 0, 0, 0]",117,False,8
1479513000567301744,,257144,,1479513000,566438596,'',,"[163, 45, 0, 0, 163, 45, 0, 128]",99,False,8
1479513000567306730,,257145,,1479513000,566607839,'',,"[250, 255, 18, 0, 0, 0, 0, 0]",108,False,4
1479513000567311796,,257146,,1479513000,566829843,'',,"[27, 0, 237, 255, 223, 3, 0, 0]",107,False,6
1479513000568974460,,257147,,1479513000,568902358,'',,"[0, 0, 0, 16, 3, 0, 255, 171]",116,False,8
1479513000570660722,,257148,,1479513000,570595142,'',,"[197, 10, 202, 10, 187, 10, 200, 10]",106,False,8
1479513000575341195,,257149,,1479513000,575217430,'',,"[40, 9, 46, 0, 0, 0, 0, 0]",117,False,8
1479513000576184304,,257150,,1479513000,576140246,'',,"[9, 0, 24, 0, 0, 0, 0, 0]",108,False,4
1479513000576488933,,257151,,1479513000,576408552,'',,"[3, 254, 59, 254, 15, 254, 129, 0]",112,False,8
1479513000576711125,,257152,,1479513000,576669142,'',,"[25, 0, 242, 255, 193, 3, 0, 0]",107,False,6
1479513000576938265,,257153,,1479513000,576895330,'',,"[11, 0, 0, 0, 224, 12, 0, 128]",101,False,8
1479513000578566053,,257154,,1479513000,578495042,'',,"[195, 10, 201, 10, 184, 10, 207, 10]",106,False,8
1479513000581397197,,257155,,1479513000,581343690,'',,"[143, 3, 0, 0, 0, 0, 0, 0]",114,False,2
1479513000582843228,,257156,,1479513000,582805054,'',,"[119, 37, 0, 0, 119, 37, 0, 128]",97,False,8
1479513000586200266,,257157,,1479513000,586146810,'',,"[40, 9, 46, 0, 0, 0, 0, 0]",117,False,8
1479513000586397496,,257158,,1479513000,586361565,'',,"[163, 45, 0, 0, 163, 45, 0, 128]",99,False,8
1479513000586580670,,257159,,1479513000,586540639,'',,"[26, 0, 29, 0, 0, 0, 0, 0]",108,False,4
1479513000586794047,,257160,,1479513000,586755742,'',,"[18, 0, 246, 255, 213, 3, 0, 0]",107,False,6
1479513000588981872,,257161,,1479513000,588942604,'',,"[0, 0, 0, 16, 4, 0, 255, 171]",116,False,8
1479513000590847248,,257162,,1479513000,590811508,'',,"[194, 10, 199, 10, 187, 10, 201, 10]",106,False,8
1479513000595234527,,257163,,1479513000,595187770,'',,"[108, 8, 46, 0, 0, 0, 0, 0]",117,False,8
1479513000596282618,,257164,,1479513000,596228558,'',,"[3, 254, 59, 254, 15, 254, 129, 0]",112,False,8
1479513000596452629,,257165,,1479513000,596408546,'',,"[34, 0, 28, 0, 0, 0, 0, 0]",108,False,4
1479513000596795417,,257166,,1479513000,596710161,'',,"[11, 0, 0, 0, 224, 12, 0, 128]",101,False,8
1479513000596972981,,257167,,1479513000,596929957,'',,"[10, 0, 245, 255, 193, 3, 0, 0]",107,False,6
1479513000598457370,,257168,,1479513000,598407385,'',,"[196, 10, 197, 10, 186, 10, 211, 10]",106,False,8
1479513000601453069,,257169,,1479513000,601410399,'',,"[12, 0, 0, 0, 0, 0, 0, 0]",103,False,1
1479513000602890580,,257170,,1479513000,602856388,'',,"[173, 37, 0, 0, 173, 37, 0, 128]",97,False,8
1479513000606018366,,257171,,1479513000,605941545,'',,"[208, 7, 46, 0, 0, 0, 0, 0]",117,False,8
1479513000606363674,,257172,,1479513000,606318871,'',,"[179, 45, 0, 0, 179, 45, 0, 128]",99,False,8
1479513000606546561,,257173,,1479513000,606500938,'',,"[35, 0, 23, 0, 0, 0, 0, 0]",108,False,4
1479513000606787011,,257174,,1479513000,606740342,'',,"[1, 0, 244, 255, 203, 3, 0, 0]",107,False,6
1479513000608956212,,257175,,1479513000,608904018,'',,"[0, 0, 0, 16, 3, 0, 255, 171]",116,False,8
1479513000610657937,,257176,,1479513000,610561366,'',,"[200, 10, 201, 10, 186, 10, 186, 10]",106,False,8
1479513000611567986,,257177,,1479513000,611498997,'',,"[0, 1, 0, 192, 3, 0, 0, 0]",105,False,5
1479513000615915815,,257178,,1479513000,615830723,'',,"[208, 7, 46, 0, 0, 0, 0, 0]",117,False,8
1479513000616610628,,257179,,1479513000,616566431,'',,"[11, 0, 0, 0, 223, 12, 1, 128]",101,False,8
1479513000617218039,,257180,,1479513000,617180570,'',,"[34, 0, 19, 0, 0, 0, 0, 0]",108,False,4
1479513000617481899,,257181,,1479513000,617441561,'',,"[249, 255, 243, 255, 184, 3, 0, 0]",107,False,6
1479513000618029134,,257182,,1479513000,617985898,'',,"[3, 254, 59, 254, 15, 254, 129, 0]",112,False,8
1479513000618722561,,257183,,1479513000,618688130,'',,"[197, 10, 196, 10, 190, 10, 196, 10]",106,False,8
1479513000622949498,,257184,,1479513000,622903050,'',,"[160, 37, 0, 0, 160, 37, 0, 128]",97,False,8
1479513000626346464,,257185,,1479513000,626271839,'',,"[32, 0, 20, 0, 0, 0, 0, 0]",108,False,4
1479513000626536766,,257186,,1479513000,626499729,'',,"[139, 45, 0, 0, 139, 45, 0, 128]",99,False,8
1479513000626748388,,257187,,1479513000,626714490,'',,"[243, 255, 245, 255, 213, 3, 0, 0]",107,False,6
1479513000627494858,,257188,,1479513000,627455764,'',,"[125, 7, 46, 0, 0, 0, 0, 0]",117,False,8
1479513000628990728,,257189,,1479513000,628930791,'',,"[0, 0, 0, 16, 8, 0, 255, 171]",116,False,8
1479513000630897209,,257190,,1479513000,630817249,'',,"[196, 10, 197, 10, 187, 10, 201, 10]",106,False,8
1479513000635329674,,257191,,1479513000,635217613,'',,"[244, 6, 46, 0, 0, 0, 0, 0]",117,False,8
1479513000636275511,,257192,,1479513000,636233646,'',,"[3, 254, 59, 254, 15, 254, 1, 1]",112,False,8
1479513000636468420,,257193,,1479513000,636415427,'',,"[29, 0, 22, 0, 0, 0, 0, 0]",108,False,4
1479513000636716358,,257194,,1479513000,636679063,'',,"[11, 0, 0, 0, 222, 12, 1, 128]",101,False,8
1479513000637051828,,257195,,1479513000,636940529,'',,"[245, 255, 249, 255, 193, 3, 0, 0]",107,False,6
1479513000638530149,,257196,,1479513000,638448308,'',,"[191, 10, 196, 10, 189, 10, 201, 10]",106,False,8
1479513000642986208,,257197,,1479513000,642913980,'',,"[198, 37, 0, 0, 198, 37, 0, 128]",97,False,8
1479513000646253551,,257198,,1479513000,646170510,'',,"[244, 6, 46, 0, 0, 0, 0, 0]",117,False,8
1479513000646345970,,257199,,1479513000,646306798,'',,"[27, 0, 23, 0, 0, 0, 0, 0]",108,False,4
1479513000646602275,,257200,,1479513000,646565244,'',,"[235, 45, 0, 0, 235, 45, 0, 128]",99,False,8
1479513000646768629,,257201,,1479513000,646734716,'',,"[254, 255, 253, 255, 193, 3, 0, 0]",107,False,6
1479513000648966000,,257202,,1479513000,648910977,'',,"[0, 0, 0, 16, 9, 0, 255, 171]",116,False,8
1479513000650869210,,257203,,1479513000,650817257,'',,"[192, 10, 201, 10, 192, 10, 201, 10]",106,False,8
1479513000651546768,,257204,,1479513000,651501459,'',,"[12, 0, 0, 0, 0, 0, 0, 0]",103,False,1
1479513000655227046,,257205,,1479513000,655179808,'',,"[115, 6, 46, 0, 0, 0, 0, 0]",117,False,8
1479513000656258869,,257206,,1479513000,656230688,'',,"[3, 254, 59, 254, 15, 254, 1, 1]",112,False,8
1479513000656447713,,257207,,1479513000,656406917,'',,"[25, 0, 24, 0, 0, 0, 0, 0]",108,False,4
1479513000656657193,,257208,,1479513000,656619667,'',,"[6, 0, 253, 255, 203, 3, 0, 0]",107,False,6
1479513000656966533,,257209,,1479513000,656929077,'',,"[11, 0, 0, 0, 221, 12, 1, 128]",101,False,8
1479513000658467372,,257210,,1479513000,658427898,'',,"[194, 10, 197, 10, 196, 10, 199, 10]",106,False,8
1479513000661659718,,257211,,1479513000,661607550,'',,"[0, 1, 0, 192, 3, 0, 0, 0]",105,False,5
1479513000663004389,,257212,,1479513000,662956708,'',,"[173, 37, 0, 0, 173, 37, 0, 128]",97,False,8
1479513000665984458,,257213,,1479513000,665916548,'',,"[235, 5, 47, 0, 0, 0, 0, 0]",117,False,8
1479513000666518678,,257214,,1479513000,666455889,'',,"[203, 45, 0, 0, 203, 45, 0, 128]",99,False,8
1479513000666900514,,257215,,1479513000,666857256,'',,"[27, 0, 25, 0, 0, 0, 0, 0]",108,False,4
1479513000667137475,,257216,,1479513000,667098141,'',,"[10, 0, 251, 255, 203, 3, 0, 0]",107,False,6
1479513000669038834,,257217,,1479513000,668954839,'',,"[0, 0, 0, 16, 12, 0, 255, 171]",116,False,8
1479513000670904587,,257218,,1479513000,670841509,'',,"[195, 10, 201, 10, 190, 10, 195, 10]",106,False,8
1479513000672907736,,257219,,1479513000,672862610,'',,"[234, 0, 236, 0, 232, 0, 229, 0]",113,False,8
1479513000675524661,,257220,,1479513000,675434435,'',,"[235, 5, 47, 0, 0, 0, 0, 0]",117,False,8
1479513000676303299,,257221,,1479513000,676253961,'',,"[3, 254, 59, 254, 15, 254, 1, 1]",112,False,8
1479513000676466153,,257222,,1479513000,676430735,'',,"[38, 0, 26, 0, 0, 0, 0, 0]",108,False,4
1479513000676915915,,257223,,1479513000,676876315,'',,"[8, 0, 248, 255, 213, 3, 0, 0]",107,False,6
1479513000677400849,,257224,,1479513000,677362571,'',,"[11, 0, 0, 0, 220, 12, 254, 128]",101,False,8
1479513000678480479,,257225,,1479513000,678409748,'',,"[194, 10, 199, 10, 190, 10, 194, 10]",106,False,8
1479513000681951195,,257226,,1479513000,681909394,'',,"[143, 3, 0, 0, 0, 0, 0, 0]",114,False,2
1479513000683002001,,257227,,1479513000,682962529,'',,"[170, 37, 0, 0, 170, 37, 0, 128]",97,False,8
1479513000685959906,,257228,,1479513000,685882642,'',,"[116, 5, 47, 0, 0, 0, 0, 0]",117,False,8
1479513000686502460,,257229,,1479513000,686464565,'',,"[171, 45, 0, 0, 171, 45, 0, 128]",99,False,8
1479513000686679230,,257230,,1479513000,686646256,'',,"[50, 0, 26, 0, 0, 0, 0, 0]",108,False,4
1479513000686912305,,257231,,1479513000,686871466,'',,"[3, 0, 244, 255, 223, 3, 0, 0]",107,False,6
1479513000688937771,,257232,,1479513000,688898163,'',,"[0, 0, 0, 16, 15, 0, 255, 171]",116,False,8
1479513000690851257,,257233,,1479513000,690809207,'',,"[196, 10, 200, 10, 187, 10, 179, 10]",106,False,8
1479513000693774183,,257234,,1479513000,693723673,'',,"[170, 0, 0, 0, 0, 0, 0, 0]",115,False,8
1479513000695256860,,257235,,1479513000,695192235,'',,"[71, 5, 47, 0, 0, 0, 0, 0]",117,False,8
1479513000696269543,,257236,,1479513000,696231621,'',,"[3, 254, 59, 254, 15, 254, 129, 0]",112,False,8
1479513000696489101,,257237,,1479513000,696457116,'',,"[53, 0, 22, 0, 0, 0, 0, 0]",108,False,4
1479513000696762439,,257238,,1479513000,696724455,'',,"[11, 0, 0, 0, 219, 12, 254, 128]",101,False,8
1479513000697114594,,257239,,1479513000,697076432,'',,"[0, 0, 239, 255, 213, 3, 0, 0]",107,False,6
1479513000698489204,,257240,,1479513000,698449808,'',,"[190, 10, 196, 10, 181, 10, 178, 10]",106,False,8
1479513000701657183,,257241,,1479513000,701591924,'',,"[12, 0, 0, 0, 0, 0, 0, 0]",103,False,1
1479513000703119692,,257242,,1479513000,703076538,'',,"[183, 37, 0, 0, 183, 37, 0, 128]",97,False,8
1479513000706237609,,257243,,1479513000,706164507,'',,"[71, 5, 47, 0, 0, 0, 0, 0]",117,False,8
1479513000706577047,,257244,,1479513000,706529038,'',,"[19, 46, 0, 0, 19, 46, 0, 128]",99,False,8
1479513000706709206,,257245,,1479513000,706659871,'',,"[45, 0, 17, 0, 0, 0, 0, 0]",108,False,4
1479513000706966318,,257246,,1479513000,706882911,'',,"[0, 0, 235, 255, 252, 3, 0, 0]",107,False,6
1479513000708924825,,257247,,1479513000,708874230,'',,"[0, 0, 0, 16, 12, 0, 255, 171]",116,False,8
1479513000710668110,,257248,,1479513000,710550164,'',,"[192, 10, 196, 10, 186, 10, 184, 10]",106,False,8
1479513000711789711,,257249,,1479513000,711683091,'',,"[0, 1, 0, 192, 3, 0, 0, 0]",105,False,5
1479513000715391562,,257250,,1479513000,715305374,'',,"[0, 5, 47, 0, 0, 0, 0, 0]",117,False,8
1479513000716397441,,257251,,1479513000,716318488,'',,"[3, 254, 59, 254, 15, 254, 1, 0]",112,False,8
1479513000716784895,,257252,,1479513000,716725550,'',,"[11, 0, 0, 0, 219, 12, 255, 128]",101,False,8
1479513000717234261,,257253,,1479513000,717187936,'',,"[26, 0, 15, 0, 0, 0, 0, 0]",108,False,4
1479513000717501016,,257254,,1479513000,717455944,'',,"[7, 0, 236, 255, 252, 3, 0, 0]",107,False,6
1479513000718490087,,257255,,1479513000,718443119,'',,"[192, 10, 197, 10, 183, 10, 168, 10]",106,False,8
1479513000723125058,,257256,,1479513000,723059601,'',,"[160, 37, 0, 0, 160, 37, 0, 128]",97,False,8
1479513000726623549,,257257,,1479513000,726555567,'',,"[163, 46, 0, 0, 163, 46, 0, 128]",99,False,8
1479513000726757807,,257258,,1479513000,726684883,'',,"[1, 0, 15, 0, 0, 0, 0, 0]",108,False,4
1479513000727170455,,257259,,1479513000,727131643,'',,"[15, 0, 238, 255, 242, 3, 0, 0]",107,False,6
1479513000727668781,,257260,,1479513000,727629579,'',,"[85, 4, 48, 0, 0, 0, 0, 0]",117,False,8
1479513000728963900,,257261,,1479513000,728876471,'',,"[0, 0, 0, 16, 7, 0, 255, 171]",116,False,8
1479513000730554872,,257262,,1479513000,730501172,'',,"[192, 10, 195, 10, 175, 10, 187, 10]",106,False,8
1479513000735459401,,257263,,1479513000,735408777,'',,"[85, 4, 48, 0, 0, 0, 0, 0]",117,False,8
1479513000736329633,,257264,,1479513000,736195299,'',,"[3, 254, 59, 254, 15, 254, 1, 0]",112,False,8
1479513000736930784,,257265,,1479513000,736660528,'',,"[235, 255, 16, 0, 0, 0, 0, 0]",108,False,4
1479513000737060123,,257266,,1479513000,736956884,'',,"[10, 0, 0, 0, 218, 12, 255, 128]",101,False,8
1479513000737204060,,257267,,1479513000,737140184,'',,"[21, 0, 241, 255, 233, 3, 0, 0]",107,False,6
1479513000738500421,,257268,,1479513000,738451654,'',,"[192, 10, 189, 10, 186, 10, 187, 10]",106,False,8
1479513000743198319,,257269,,1479513000,743085098,'',,"[159, 37, 0, 0, 159, 37, 0, 128]",97,False,8
1479513000745940282,,257270,,1479513000,745859090,'',,"[247, 3, 50, 0, 0, 0, 0, 0]",117,False,8
1479513000746607977,,257271,,1479513000,746555130,'',,"[123, 46, 0, 0, 123, 46, 0, 132]",99,False,8
1479513000746803407,,257272,,1479513000,746727127,'',,"[216, 255, 14, 0, 0, 0, 0, 0]",108,False,4
1479513000747010505,,257273,,1479513000,746943551,'',,"[24, 0, 243, 255, 233, 3, 0, 0]",107,False,6
1479513000748959888,,257274,,1479513000,748901233,'',,"[0, 0, 0, 16, 11, 0, 255, 171]",116,False,8
1479513000750550320,,257275,,1479513000,750508006,'',,"[191, 10, 184, 10, 173, 10, 190, 10]",106,False,8
1479513000751683940,,257276,,1479513000,751629522,'',,"[12, 0, 0, 0, 0, 0, 0, 0]",103,False,1
1479513000755233257,,257277,,1479513000,755186611,'',,"[130, 3, 51, 0, 0, 0, 0, 0]",117,False,8
1479513000756239467,,257278,,1479513000,756180869,'',,"[3, 254, 59, 254, 15, 254, 129, 255]",112,False,8
1479513000756753692,,257279,,1479513000,756708111,'',,"[201, 255, 8, 0, 0, 0, 0, 0]",108,False,4
1479513000757027407,,257280,,1479513000,756975541,'',,"[10, 0, 0, 0, 217, 12, 255, 128]",101,False,8
1479513000757228321,,257281,,1479513000,757189508,'',,"[26, 0, 244, 255, 203, 3, 0, 0]",107,False,6
1479513000758462948,,257282,,1479513000,758427170,'',,"[190, 10, 190, 10, 179, 10, 185, 10]",106,False,8
1479513000761820327,,257283,,1479513000,761771903,'',,"[0, 1, 0, 192, 3, 0, 0, 0]",105,False,5
1479513000763137922,,257284,,1479513000,763088736,'',,"[144, 37, 0, 0, 144, 37, 0, 128]",97,False,8
1479513000766216854,,257285,,1479513000,766164637,'',,"[130, 3, 51, 0, 0, 0, 0, 0]",117,False,8
1479513000766676831,,257286,,1479513000,766605227,'',,"[139, 46, 0, 0, 139, 46, 0, 132]",99,False,8
1479513000766816319,,257287,,1479513000,766780835,'',,"[188, 255, 3, 0, 0, 0, 0, 0]",108,False,4
1479513000767100230,,257288,,1479513000,767059463,'',,"[27, 0, 243, 255, 233, 3, 0, 0]",107,False,6
1479513000768950474,,257289,,1479513000,768854193,'',,"[0, 0, 0, 16, 11, 0, 254, 171]",116,False,8
1479513000770855840,,257290,,1479513000,770795036,'',,"[191, 10, 192, 10, 177, 10, 190, 10]",106,False,8
1479513000775272490,,257291,,1479513000,775191717,'',,"[28, 3, 52, 0, 0, 0, 0, 0]",117,False,8
1479513000776286008,,257292,,1479513000,776224017,'',,"[3, 254, 59, 254, 15, 254, 129, 255]",112,False,8
1479513000777107324,,257293,,1479513000,777067534,'',,"[9, 0, 0, 0, 215, 12, 0, 128]",101,False,8
1479513000777462562,,257294,,1479513000,777427261,'',,"[175, 255, 1, 0, 0, 0, 0, 0]",108,False,4
1479513000777906538,,257295,,1479513000,777871782,'',,"[27, 0, 239, 255, 233, 3, 0, 0]",107,False,6
1479513000778518511,,257296,,1479513000,778412741,'',,"[191, 10, 189, 10, 179, 10, 186, 10]",106,False,8
1479513000781560311,,257297,,1479513000,781497509,'',,"[143, 3, 0, 0, 0, 0, 0, 0]",114,False,2
1479513000783175978,,257298,,1479513000,783133062,'',,"[179, 37, 0, 0, 179, 37, 0, 128]",97,False,8
1479513000785939845,,257299,,1479513000,785854491,'',,"[152, 2, 53, 0, 0, 0, 0, 0]",117,False,8
1479513000786678452,,257300,,1479513000,786628838,'',,"[19, 47, 0, 0, 19, 47, 0, 132]",99,False,8
1479513000786848639,,257301,,1479513000,786811540,'',,"[165, 255, 0, 0, 0, 0, 0, 0]",108,False,4
1479513000787112363,,257302,,1479513000,787075006,'',,"[25, 0, 234, 255, 242, 3, 0, 0]",107,False,6
1479513000788916381,,257303,,1479513000,788874016,'',,"[0, 0, 0, 16, 6, 0, 254, 171]",116,False,8
1479513000790838199,,257304,,1479513000,790802170,'',,"[179, 10, 190, 10, 170, 10, 190, 10]",106,False,8
1479513000795508128,,257305,,1479513000,795452612,'',,"[152, 2, 53, 0, 0, 0, 0, 0]",117,False,8
1479513000796911492,,257306,,1479513000,796856220,'',,"[9, 0, 0, 0, 214, 12, 1, 128]",101,False,8
1479513000797120112,,257307,,1479513000,797074553,'',,"[164, 255, 253, 255, 0, 0, 0, 0]",108,False,4
1479513000797365448,,257308,,1479513000,797332474,'',,"[3, 254, 59, 254, 15, 254, 129, 255]",112,False,8
1479513000797584571,,257309,,1479513000,797551470,'',,"[25, 0, 233, 255, 233, 3, 0, 0]",107,False,6
1479513000798473745,,257310,,1479513000,798405109,'',,"[185, 10, 187, 10, 175, 10, 190, 10]",106,False,8
1479513000801781777,,257311,,1479513000,801727677,'',,"[12, 0, 0, 0, 0, 0, 0, 0]",103,False,1
1479513000803239677,,257312,,1479513000,803179408,'',,"[169, 37, 0, 0, 169, 37, 0, 128]",97,False,8
1479513000805973978,,257313,,1479513000,805913205,'',,"[54, 2, 54, 0, 0, 0, 0, 0]",117,False,8
1479513000806721349,,257314,,1479513000,806680089,'',,"[99, 47, 0, 0, 99, 47, 0, 132]",99,False,8
1479513000806841291,,257315,,1479513000,806808078,'',,"[167, 255, 249, 255, 0, 0, 0, 0]",108,False,4
1479513000807112972,,257316,,1479513000,807068205,'',,"[28, 0, 235, 255, 233, 3, 0, 0]",107,False,6
1479513000808922169,,257317,,1479513000,808870498,'',,"[0, 0, 0, 16, 6, 0, 254, 171]",116,False,8
1479513000810562770,,257318,,1479513000,810503409,'',,"[179, 10, 187, 10, 178, 10, 189, 10]",106,False,8
1479513000811875146,,257319,,1479513000,811813736,'',,"[0, 1, 0, 192, 3, 0, 0, 0]",105,False,5
1479513000815363285,,257320,,1479513000,815273812,'',,"[225, 1, 54, 0, 0, 0, 0, 0]",117,False,8
1479513000816549009,,257321,,1479513000,816508173,'',,"[3, 254, 59, 254, 15, 254, 1, 255]",112,False,8
1479513000816952108,,257322,,1479513000,816914659,'',,"[9, 0, 0, 0, 213, 12, 1, 128]",101,False,8
1479513000817667231,,257323,,1479513000,817627619,'',,"[171, 255, 248, 255, 0, 0, 0, 0]",108,False,4
1479513000817923948,,257324,,1479513000,817890733,'',,"[32, 0, 235, 255, 223, 3, 0, 0]",107,False,6
1479513000818706637,,257325,,1479513000,818650227,'',,"[185, 10, 186, 10, 173, 10, 187, 10]",106,False,8
1479513000823228030,,257326,,1479513000,823185988,'',,"[157, 37, 0, 0, 157, 37, 0, 128]",97,False,8
1479513000826834019,,257327,,1479513000,826768504,'',,"[99, 47, 0, 0, 99, 47, 0, 132]",99,False,8
1479513000826977011,,257328,,1479513000,826940959,'',,"[171, 255, 251, 255, 0, 0, 0, 0]",108,False,4
1479513000827439550,,257329,,1479513000,827405033,'',,"[33, 0, 235, 255, 242, 3, 0, 0]",107,False,6
1479513000827923189,,257330,,1479513000,827889741,'',,"[225, 1, 54, 0, 0, 0, 0, 0]",117,False,8
1479513000829257733,,257331,,1479513000,829179153,'',,"[0, 0, 0, 16, 4, 0, 254, 171]",116,False,8
1479513000830880126,,257332,,1479513000,830836853,'',,"[192, 10, 188, 10, 174, 10, 192, 10]",106,False,8
1479513000835236927,,257333,,1479513000,835187190,'',,"[190, 1, 55, 0, 0, 0, 0, 0]",117,False,8
1479513000836470605,,257334,,1479513000,836421097,'',,"[3, 254, 59, 254, 15, 254, 1, 255]",112,False,8
1479513000836775165,,257335,,1479513000,836730291,'',,"[170, 255, 0, 0, 0, 0, 0, 0]",108,False,4
1479513000837119651,,257336,,1479513000,837062472,'',,"[8, 0, 0, 0, 211, 12, 2, 128]",101,False,8
1479513000837268993,,257337,,1479513000,837232733,'',,"[29, 0, 238, 255, 233, 3, 0, 0]",107,False,6
1479513000838487902,,257338,,1479513000,838428677,'',,"[187, 10, 190, 10, 174, 10, 177, 10]",106,False,8
1479513000843325610,,257339,,1479513000,843229046,'',,"[174, 37, 0, 0, 174, 37, 0, 128]",97,False,8
1479513000845971217,,257340,,1479513000,845912965,'',,"[114, 1, 55, 0, 0, 0, 0, 0]",117,False,8
1479513000846783751,,257341,,1479513000,846725915,'',,"[99, 47, 0, 0, 99, 47, 0, 132]",99,False,8
1479513000846956232,,257342,,1479513000,846908810,'',,"[171, 255, 4, 0, 0, 0, 0, 0]",108,False,4
1479513000847201744,,257343,,1479513000,847147903,'',,"[18, 0, 243, 255, 223, 3, 0, 0]",107,False,6
1479513000848949454,,257344,,1479513000,848899162,'',,"[0, 0, 0, 16, 3, 0, 254, 171]",116,False,8
1479513000850818027,,257345,,1479513000,850769113,'',,"[189, 10, 187, 10, 181, 10, 185, 10]",106,False,8
1479513000851858377,,257346,,1479513000,851811775,'',,"[12, 0, 0, 0, 0, 0, 0, 0]",103,False,1
1479513000855449820,,257347,,1479513000,855405174,'',,"[114, 1, 55, 0, 0, 0, 0, 0]",117,False,8
1479513000856934348,,257348,,1479513000,856897649,'',,"[3, 254, 59, 254, 15, 254, 1, 255]",112,False,8
1479513000857174880,,257349,,1479513000,857138672,'',,"[8, 0, 0, 0, 210, 12, 2, 128]",101,False,8
1479513000857389434,,257350,,1479513000,857353743,'',,"[175, 255, 7, 0, 0, 0, 0, 0]",108,False,4
1479513000857635051,,257351,,1479513000,857600814,'',,"[10, 0, 248, 255, 203, 3, 0, 0]",107,False,6
1479513000858495000,,257352,,1479513000,858451523,'',,"[186, 10, 180, 10, 175, 10, 188, 10]",106,False,8
1479513000863029772,,257353,,1479513000,861921237,'',,"[0, 1, 0, 192, 3, 0, 0, 0]",105,False,5
1479513000863345718,,257354,,1479513000,863276573,'',,"[186, 37, 0, 0, 186, 37, 0, 128]",97,False,8
1479513000866047690,,257355,,1479513000,865969268,'',,"[47, 1, 55, 0, 0, 0, 0, 0]",117,False,8
1479513000866817771,,257356,,1479513000,866773357,'',,"[99, 47, 0, 0, 99, 47, 0, 132]",99,False,8
1479513000866975626,,257357,,1479513000,866907509,'',,"[178, 255, 10, 0, 0, 0, 0, 0]",108,False,4
1479513000867185305,,257358,,1479513000,867145335,'',,"[9, 0, 249, 255, 233, 3, 0, 0]",107,False,6
1479513000868959646,,257359,,1479513000,868900332,'',,"[0, 0, 0, 16, 8, 0, 254, 171]",116,False,8
1479513000870817648,,257360,,1479513000,870766495,'',,"[183, 10, 185, 10, 180, 10, 185, 10]",106,False,8
1479513000875259576,,257361,,1479513000,875187638,'',,"[47, 1, 55, 0, 0, 0, 0, 0]",117,False,8
1479513000876413743,,257362,,1479513000,876364253,'',,"[3, 254, 59, 254, 15, 254, 1, 255]",112,False,8
1479513000876992005,,257363,,1479513000,876953491,'',,"[186, 255, 10, 0, 0, 0, 0, 0]",108,False,4
1479513000877497289,,257364,,1479513000,877460932,'',,"[8, 0, 0, 0, 209, 12, 1, 128]",101,False,8
1479513000877942104,,257365,,1479513000,877905335,'',,"[12, 0, 248, 255, 213, 3, 0, 0]",107,False,6
1479513000878466164,,257366,,1479513000,878430090,'',,"[181, 10, 184, 10, 184, 10, 186, 10]",106,False,8
1479513000881357397,,257367,,1479513000,881315982,'',,"[143, 3, 0, 0, 0, 0, 0, 0]",114,False,2
1479513000883352092,,257368,,1479513000,883310725,'',,"[168, 37, 0, 0, 168, 37, 0, 128]",97,False,8
1479513000886212373,,257369,,1479513000,886172200,'',,"[47, 1, 55, 0, 0, 0, 0, 0]",117,False,8
1479513000886845682,,257370,,1479513000,886802123,'',,"[83, 47, 0, 0, 83, 47, 0, 132]",99,False,8
1479513000887104144,,257371,,1479513000,887062720,'',,"[196, 255, 7, 0, 0, 0, 0, 0]",108,False,4
1479513000887353806,,257372,,1479513000,887322779,'',,"[12, 0, 246, 255, 213, 3, 0, 0]",107,False,6
1479513000888931876,,257373,,1479513000,888895402,'',,"[0, 0, 0, 16, 12, 0, 254, 171]",116,False,8
1479513000890577051,,257374,,1479513000,890540511,'',,"[179, 10, 186, 10, 185, 10, 189, 10]",106,False,8
1479513000895155830,,257375,,1479513000,895076503,'',,"[170, 0, 0, 0, 0, 0, 0, 0]",115,False,8
1479513000895410935,,257376,,1479513000,895324639,'',,"[47, 1, 55, 0, 0, 0, 0, 0]",117,False,8
1479513000896410415,,257377,,1479513000,896374400,'',,"[3, 254, 59, 254, 15, 254, 1, 255]",112,False,8
1479513000896933792,,257378,,1479513000,896874950,'',,"[202, 255, 4, 0, 0, 0, 0, 0]",108,False,4
1479513000897185610,,257379,,1479513000,897140764,'',,"[8, 0, 0, 0, 207, 12, 1, 128]",101,False,8
1479513000897395520,,257380,,1479513000,897355018,'',,"[7, 0, 244, 255, 223, 3, 0, 0]",107,False,6
1479513000898513233,,257381,,1479513000,898473424,'',,"[190, 10, 186, 10, 180, 10, 187, 10]",106,False,8
1479513000901959985,,257382,,1479513000,901904241,'',,"[12, 0, 0, 0, 0, 0, 0, 0]",103,False,1
1479513000903412961,,257383,,1479513000,903347353,'',,"[162, 37, 0, 0, 162, 37, 0, 128]",97,False,8
1479513000905922611,,257384,,1479513000,905858237,'',,"[47, 1, 55, 0, 0, 0, 0, 0]",117,False,8
1479513000906855892,,257385,,1479513000,906814979,'',,"[99, 47, 0, 0, 99, 47, 0, 132]",99,False,8
1479513000907109073,,257386,,1479513000,907062021,'',,"[206, 255, 8, 0, 0, 0, 0, 0]",108,False,4
1479513000907327365,,257387,,1479513000,907281572,'',,"[1, 0, 242, 255, 242, 3, 0, 0]",107,False,6
1479513000908971883,,257388,,1479513000,908913360,'',,"[0, 0, 0, 16, 13, 0, 254, 171]",116,False,8
1479513000910637563,,257389,,1479513000,910582930,'',,"[184, 10, 189, 10, 180, 10, 189, 10]",106,False,8
1479513000912123231,,257390,,1479513000,912075917,'',,"[0, 1, 0, 192, 3, 0, 0, 0]",105,False,5
1479513000915694126,,257391,,1479513000,915633169,'',,"[47, 1, 55, 0, 0, 0, 0, 0]",117,False,8
1479513000916210843,,257392,,1479513000,916166028,'',,"[3, 254, 59, 254, 15, 254, 1, 255]",112,False,8
1479513000917154032,,257393,,1479513000,917104643,'',,"[7, 0, 0, 0, 206, 12, 0, 128]",101,False,8
1479513000917713375,,257394,,1479513000,917676450,'',,"[211, 255, 13, 0, 0, 0, 0, 0]",108,False,4
1479513000917966956,,257395,,1479513000,917934372,'',,"[1, 0, 242, 255, 233, 3, 0, 0]",107,False,6
1479513000918492984,,257396,,1479513000,918426186,'',,"[181, 10, 187, 10, 178, 10, 183, 10]",106,False,8
1479513000923487560,,257397,,1479513000,923430993,'',,"[143, 37, 0, 0, 143, 37, 0, 128]",97,False,8
1479513000927107736,,257398,,1479513000,927063815,'',,"[35, 47, 0, 0, 35, 47, 0, 132]",99,False,8
1479513000927239441,,257399,,1479513000,927201988,'',,"[219, 255, 16, 0, 0, 0, 0, 0]",108,False,4
1479513000927716125,,257400,,1479513000,927683383,'',,"[47, 1, 55, 0, 0, 0, 0, 0]",117,False,8
1479513000928160281,,257401,,1479513000,928127450,'',,"[3, 0, 244, 255, 213, 3, 0, 0]",107,False,6
1479513000929057745,,257402,,1479513000,928969187,'',,"[0, 0, 0, 16, 10, 0, 254, 171]",116,False,8
1479513000930905887,,257403,,1479513000,930860273,'',,"[185, 10, 187, 10, 178, 10, 178, 10]",106,False,8
1479513000935492160,,257404,,1479513000,935416184,'',,"[47, 1, 55, 0, 0, 0, 0, 0]",117,False,8
1479513000936280207,,257405,,1479513000,936224281,'',,"[3, 254, 59, 254, 15, 254, 1, 255]",112,False,8
1479513000937011080,,257406,,1479513000,936955450,'',,"[229, 255, 15, 0, 0, 0, 0, 0]",108,False,4
1479513000937306216,,257407,,1479513000,937266469,'',,"[7, 0, 0, 0, 206, 12, 0, 128]",101,False,8
1479513000937477104,,257408,,1479513000,937441409,'',,"[2, 0, 245, 255, 203, 3, 0, 0]",107,False,6
1479513000938496817,,257409,,1479513000,938455321,'',,"[185, 10, 186, 10, 173, 10, 177, 10]",106,False,8
1479513000943498659,,257410,,1479513000,943433190,'',,"[142, 37, 0, 0, 142, 37, 0, 128]",97,False,8
1479513000946219654,,257411,,1479513000,946161225,'',,"[47, 1, 55, 0, 0, 0, 0, 0]",117,False,8
1479513000946921752,,257412,,1479513000,946868175,'',,"[19, 47, 0, 0, 19, 47, 0, 132]",99,False,8
1479513000947264905,,257413,,1479513000,947062623,'',,"[232, 255, 16, 0, 0, 0, 0, 0]",108,False,4
1479513000947455230,,257414,,1479513000,947322849,'',,"[1, 0, 246, 255, 242, 3, 0, 0]",107,False,6
1479513000948948125,,257415,,1479513000,948904735,'',,"[0, 0, 0, 16, 5, 0, 254, 171]",116,False,8
1479513000950847701,,257416,,1479513000,950808840,'',,"[189, 10, 188, 10, 175, 10, 181, 10]",106,False,8
1479513000952113850,,257417,,1479513000,952073622,'',,"[12, 0, 0, 0, 0, 0, 0, 0]",103,False,1
1479513000955288221,,257418,,1479513000,955226261,'',,"[47, 1, 55, 0, 0, 0, 0, 0]",117,False,8
1479513000956235781,,257419,,1479513000,956192912,'',,"[3, 254, 59, 254, 15, 254, 129, 255]",112,False,8
1479513000957177404,,257420,,1479513000,957141520,'',,"[7, 0, 0, 0, 206, 12, 255, 128]",101,False,8
1479513000957369213,,257421,,1479513000,957314221,'',,"[226, 255, 16, 0, 0, 0, 0, 0]",108,False,4
1479513000957558404,,257422,,1479513000,957527557,'',,"[1, 0, 248, 255, 203, 3, 0, 0]",107,False,6
1479513000958455877,,257423,,1479513000,958406704,'',,"[188, 10, 187, 10, 172, 10, 178, 10]",106,False,8
1479513000962354996,,257424,,1479513000,962089240,'',,"[0, 1, 0, 192, 3, 0, 0, 0]",105,False,5
1479513000963480448,,257425,,1479513000,963433480,'',,"[212, 37, 0, 0, 212, 37, 0, 128]",97,False,8
1479513000966030614,,257426,,1479513000,965951482,'',,"[47, 1, 55, 0, 0, 0, 0, 0]",117,False,8
1479513000966961513,,257427,,1479513000,966905912,'',,"[19, 47, 0, 0, 19, 47, 0, 132]",99,False,8
1479513000967152657,,257428,,1479513000,967104454,'',,"[220, 255, 13, 0, 0, 0, 0, 0]",108,False,4
1479513000967413422,,257429,,1479513000,967372643,'',,"[1, 0, 251, 255, 213, 3, 0, 0]",107,False,6
1479513000969029445,,257430,,1479513000,968900008,'',,"[0, 0, 0, 16, 4, 0, 254, 171]",116,False,8
1479513000970875803,,257431,,1479513000,970786180,'',,"[189, 10, 184, 10, 177, 10, 179, 10]",106,False,8
1479513000975507918,,257432,,1479513000,975422594,'',,"[47, 1, 55, 0, 0, 0, 0, 0]",117,False,8
1479513000976273317,,257433,,1479513000,976220469,'',,"[3, 254, 59, 254, 15, 254, 129, 255]",112,False,8
1479513000977219224,,257434,,1479513000,977183102,'',,"[225, 255, 9, 0, 0, 0, 0, 0]",108,False,4
1479513000977733881,,257435,,1479513000,977676070,'',,"[7, 0, 0, 0, 206, 12, 0, 128]",101,False,8
1479513000978127190,,257436,,1479513000,978072118,'',,"[0, 0, 253, 255, 203, 3, 0, 0]",107,False,6
1479513000978462772,,257437,,1479513000,978424517,'',,"[191, 10, 187, 10, 170, 10, 183, 10]",106,False,8
1479513000981366345,,257438,,1479513000,981327226,'',,"[143, 3, 0, 0, 0, 0, 0, 0]",114,False,2
1479513000983487056,,257439,,1479513000,983446994,'',,"[155, 37, 0, 0, 155, 37, 0, 128]",97,False,8
1479513000985988594,,257440,,1479513000,985903546,'',,"[47, 1, 55, 0, 0, 0, 0, 0]",117,False,8
1479513000987002554,,257441,,1479513000,986960945,'',,"[251, 46, 0, 0, 251, 46, 0, 132]",99,False,8
1479513000987311653,,257442,,1479513000,987277880,'',,"[234, 255, 6, 0, 0, 0, 0, 0]",108,False,4
1479513000987565449,,257443,,1479513000,987534231,'',,"[1, 0, 252, 255, 213, 3, 0, 0]",107,False,6
1479513000988975852,,257444,,1479513000,988913003,'',,"[0, 0, 0, 16, 15, 0, 254, 171]",116,False,8
1479513000990620611,,257445,,1479513000,990581855,'',,"[185, 10, 183, 10, 172, 10, 177, 10]",106,False,8
1479513000995229546,,257446,,1479513000,995178196,'',,"[47, 1, 55, 0, 0, 0, 0, 0]",117,False,8
1479513000996267396,,257447,,1479513000,996220997,'',,"[3, 254, 59, 254, 15, 254, 1, 0]",112,False,8
1479513000997267514,,257448,,1479513000,997227038,'',,"[7, 0, 0, 0, 206, 12, 0, 128]",101,False,8
1479513000997444128,,257449,,1479513000,997403096,'',,"[243, 255, 6, 0, 0, 0, 0, 0]",108,False,4
1479513000997646997,,257450,,1479513000,997616509,'',,"[3, 0, 249, 255, 233, 3, 0, 0]",107,False,6
1479513000998471033,,257451,,1479513000,998437913,'',,"[184, 10, 185, 10, 177, 10, 187, 10]",106,False,8
